image_id,filename,image_sha256,source_image_id,source_filename,transform,transform_family,label_quartile,baseline_outcome,attractiveness_mean,identity_group,width,height
T290__original,T290__original.jpg,e73e3766f0b877c84a0b2bd9247fa6e2ff5f0577a2b3ba3418417c8849038da0,T290,T290.jpg,original,control,1,scored,1.51,T290,961,1783
T290__mirror,T290__mirror.jpg,e32a1002cfbfbdf04cfcdfa9ce36ff7ef22006f96697738fcd5ef6619eae7dfd,T290,T290.jpg,mirror,mirror,1,scored,1.51,T290,961,1783
T290__crop_center_10,T290__crop_center_10.jpg,d46d5b80d469ec462c7dfbd951e585f50a830fed36efaa08399f9d5bf1987c96,T290,T290.jpg,crop_center_10,crop,1,scored,1.51,T290,769,1427
T290__crop_legs_20,T290__crop_legs_20.jpg,3f7ba4f477caead6e718dc63e4a529389830b90042482f405bc98f3f1b53ba91,T290,T290.jpg,crop_legs_20,crop,1,scored,1.51,T290,961,1426
T290__pad_wide_black,T290__pad_wide_black.jpg,a0bd8a77a7a345520534cb9b2db990786bbfc9ed971d9af7e2914503358d3fe1,T290,T290.jpg,pad_wide_black,padding_aspect,1,scored,1.51,T290,1345,1783
T290__pad_tall_black,T290__pad_tall_black.jpg,9b05c9f2599254795836994fc1bb505c4fd9bf9befc283c37b9161c348a4bdc6,T290,T290.jpg,pad_tall_black,padding_aspect,1,scored,1.51,T290,961,2318
T290__canvas_light_gray,T290__canvas_light_gray.jpg,e41caaa64990ccf2f53467f58f5b695198706a4e6d57a8c8e587cf34d39ca03d,T290,T290.jpg,canvas_light_gray,background_canvas,1,scored,1.51,T290,1201,2229
T290__aspect_squeeze_80,T290__aspect_squeeze_80.jpg,30bd645c3a3196977805c6d61065c930d420ff9bf0c03d1f479bd1487d8d4d8a,T290,T290.jpg,aspect_squeeze_80,padding_aspect,1,scored,1.51,T290,769,1783
T290__resolution_256,T290__resolution_256.jpg,e6f8559323fab71d8b7e17f82ea5c1b1612cc8a1c2af0909076feacdfe3f7191,T290,T290.jpg,resolution_256,resolution,1,scored,1.51,T290,138,256
T290__brightness_70,T290__brightness_70.jpg,9852ddc10899a45d46a293cfce7606ec67f9e9981557f8900d92bb82c3dcfc7e,T290,T290.jpg,brightness_70,lighting,1,scored,1.51,T290,961,1783
T290__brightness_130,T290__brightness_130.jpg,0e2f41897555a2ea8443be1f68faa431aa4c73b3f8971341706d29c6f6db1d39,T290,T290.jpg,brightness_130,lighting,1,scored,1.51,T290,961,1783
T290__contrast_70,T290__contrast_70.jpg,c2dedf26e312b7a913e7117c83b0adbea0ccd2b71dab19c70aa46e99eba10cf3,T290,T290.jpg,contrast_70,lighting,1,scored,1.51,T290,961,1783
T290__contrast_130,T290__contrast_130.jpg,7caaefe793996e811bcfa6b3f440eec090d1498781675879372b43f2ed0a86b5,T290,T290.jpg,contrast_130,lighting,1,scored,1.51,T290,961,1783
T290__side_lighting,T290__side_lighting.jpg,1feabd395a2bf0736f0bb15e06a90f3d5435dd1ee93c5e4e27fdcb5bc96942fc,T290,T290.jpg,side_lighting,lighting,1,scored,1.51,T290,961,1783
T290__jpeg_q35,T290__jpeg_q35.jpg,d61ba75e42b8c35adbad01189ede3a3a5cc58a4e1bac3ce40e10b704b4eedab3,T290,T290.jpg,jpeg_q35,jpeg,1,scored,1.51,T290,961,1783
T290__rotate_3,T290__rotate_3.jpg,feda15d850f6bc6547f0368433d9eccaf491455f92e73f69d2d6b405c65b967b,T290,T290.jpg,rotate_3,rotation_camera_like,1,scored,1.51,T290,961,1783
T290__perspective_mild,T290__perspective_mild.jpg,ea6b185ce6a5712ed20dc06663715890bc94757dfda7d13fa8a88c3f5061d1a8,T290,T290.jpg,perspective_mild,rotation_camera_like,1,scored,1.51,T290,961,1783
T290__gaussian_blur_1_5,T290__gaussian_blur_1_5.jpg,f09273451fd0bc065836dbb7b5acb0b949bd5d5895ba5813b42b35ce1480089f,T290,T290.jpg,gaussian_blur_1_5,rotation_camera_like,1,scored,1.51,T290,961,1783
H260__original,H260__original.jpg,ee27b45c30697a218c7bcaedc76ee50c2fd71cf2d2e830d585602c396250698f,H260,H260.jpg,original,control,1,refused,1.27,H260,961,1783
H260__mirror,H260__mirror.jpg,391f9cb3182cdbf7f80b6817ad64f59ca61f8c09b84a84b323c04edb996b70e9,H260,H260.jpg,mirror,mirror,1,refused,1.27,H260,961,1783
H260__crop_center_10,H260__crop_center_10.jpg,ada5088e099bade0c0dfbde7fbd856010f785bb64abe06e0e5204db7a508261d,H260,H260.jpg,crop_center_10,crop,1,refused,1.27,H260,769,1427
H260__crop_legs_20,H260__crop_legs_20.jpg,86ee149e699e846202a85d665de3b1ce2f9a5e4bbe0e6de838d3794c79927090,H260,H260.jpg,crop_legs_20,crop,1,refused,1.27,H260,961,1426
H260__pad_wide_black,H260__pad_wide_black.jpg,9772f0f5e266e499f43031a0674d3de235f29d01ad1ec3bfcc5274b49126ca10,H260,H260.jpg,pad_wide_black,padding_aspect,1,refused,1.27,H260,1345,1783
H260__pad_tall_black,H260__pad_tall_black.jpg,f5885efee0a13e706658c83e4c4070b1e03023dbe2937d0b478a4cd9d34c422c,H260,H260.jpg,pad_tall_black,padding_aspect,1,refused,1.27,H260,961,2318
H260__canvas_light_gray,H260__canvas_light_gray.jpg,461986d984c8051cb072be033a1f6a2970e8639d10554ce9eaa2b562a454de2c,H260,H260.jpg,canvas_light_gray,background_canvas,1,refused,1.27,H260,1201,2229
H260__aspect_squeeze_80,H260__aspect_squeeze_80.jpg,59e9138a40d168c974cb907f9f950637ede1afdbe49bfdb1bea26ded67984b23,H260,H260.jpg,aspect_squeeze_80,padding_aspect,1,refused,1.27,H260,769,1783
H260__resolution_256,H260__resolution_256.jpg,43217f94527e08facb6dbf6940f57d90ad35d217482741c2858235636c6e9a1d,H260,H260.jpg,resolution_256,resolution,1,refused,1.27,H260,138,256
H260__brightness_70,H260__brightness_70.jpg,f9be1158953a75460dd06ad5d938b1346654839b462be288267322a2c9b954f7,H260,H260.jpg,brightness_70,lighting,1,refused,1.27,H260,961,1783
H260__brightness_130,H260__brightness_130.jpg,c7be9d7d22e76982687239473dd0f3d694bbf732181cb41846eb030e95daddc2,H260,H260.jpg,brightness_130,lighting,1,refused,1.27,H260,961,1783
H260__contrast_70,H260__contrast_70.jpg,edb0cab89767279cc3c09df2ce4f5ea1d03c16337e35a70de7394df4855f8b54,H260,H260.jpg,contrast_70,lighting,1,refused,1.27,H260,961,1783
H260__contrast_130,H260__contrast_130.jpg,c4e960820624cd35cdb02cbe7bbefbf4f860de5159d111ffcd6fd0d852856900,H260,H260.jpg,contrast_130,lighting,1,refused,1.27,H260,961,1783
H260__side_lighting,H260__side_lighting.jpg,012d0508c1009433a19a518960ae37b907e238a36dcfe2b2c244e82c189d6425,H260,H260.jpg,side_lighting,lighting,1,refused,1.27,H260,961,1783
H260__jpeg_q35,H260__jpeg_q35.jpg,0f7a8f23af756c501769773f7fe2525bdd1bbba5e53a374ab6dd7c48d06670d2,H260,H260.jpg,jpeg_q35,jpeg,1,refused,1.27,H260,961,1783
H260__rotate_3,H260__rotate_3.jpg,f7958398bb89eeca5dcbd1b125cd98360ad77f0cbdfa08abc3b30507f68c221a,H260,H260.jpg,rotate_3,rotation_camera_like,1,refused,1.27,H260,961,1783
H260__perspective_mild,H260__perspective_mild.jpg,98c295474cceec874feb6ad2fc385105247dc6b9bacf61d0c1a377cc3c639254,H260,H260.jpg,perspective_mild,rotation_camera_like,1,refused,1.27,H260,961,1783
H260__gaussian_blur_1_5,H260__gaussian_blur_1_5.jpg,df80399a53f91221997962093b44fe2f4f4cf35821080f93b72788bce6c0aab1,H260,H260.jpg,gaussian_blur_1_5,rotation_camera_like,1,refused,1.27,H260,961,1783
H230__original,H230__original.jpg,372560b4e33d049f88869545ad117a26ddc457dc1184087ad3f211072d9b092f,H230,H230.jpg,original,control,1,scored,1.48,H230,961,1783
H230__mirror,H230__mirror.jpg,da61e42fd496558200fcc52433b359d6fc146e66820b9b7d393fe299f58798b1,H230,H230.jpg,mirror,mirror,1,scored,1.48,H230,961,1783
H230__crop_center_10,H230__crop_center_10.jpg,ac1467ace68f0acc042a692074928dbd97d569402efd6c41c2339ba0c338c83e,H230,H230.jpg,crop_center_10,crop,1,scored,1.48,H230,769,1427
H230__crop_legs_20,H230__crop_legs_20.jpg,a8552ff049a5b49071bc626c6de170f350c01846357bbdf3bcb092669462420a,H230,H230.jpg,crop_legs_20,crop,1,scored,1.48,H230,961,1426
H230__pad_wide_black,H230__pad_wide_black.jpg,e52534af6a47ff2481bc420eaa52b9e8cd5095ebec7995a92e68bff62c524761,H230,H230.jpg,pad_wide_black,padding_aspect,1,scored,1.48,H230,1345,1783
H230__pad_tall_black,H230__pad_tall_black.jpg,6748ef8a4a8bc10ee553e2a45d4d19379aab6737ba8a79f91840f855ee7add58,H230,H230.jpg,pad_tall_black,padding_aspect,1,scored,1.48,H230,961,2318
H230__canvas_light_gray,H230__canvas_light_gray.jpg,b3916a47563510d76bc8ddcfd328912cd6450d74a52dde09925ebacf1fe70847,H230,H230.jpg,canvas_light_gray,background_canvas,1,scored,1.48,H230,1201,2229
H230__aspect_squeeze_80,H230__aspect_squeeze_80.jpg,c378a2c62d951f797a3addaf6a1ab7f857ce19a05446dc95d9cb20fd0c0b12e4,H230,H230.jpg,aspect_squeeze_80,padding_aspect,1,scored,1.48,H230,769,1783
H230__resolution_256,H230__resolution_256.jpg,8d981d730e247c1b950758af5effa2ebfe7710b4ef6b33b635cd03a80869abcb,H230,H230.jpg,resolution_256,resolution,1,scored,1.48,H230,138,256
H230__brightness_70,H230__brightness_70.jpg,abab31d6c9eb21e202d7072c09d334d5182b3451118b476e0ed8cce9376970af,H230,H230.jpg,brightness_70,lighting,1,scored,1.48,H230,961,1783
H230__brightness_130,H230__brightness_130.jpg,d9d9b6ccc8a7bb67df868f4e38bdeec8be91d1b0bb25bb5771424791677453a5,H230,H230.jpg,brightness_130,lighting,1,scored,1.48,H230,961,1783
H230__contrast_70,H230__contrast_70.jpg,8ceb4a21836ffa32f212dd99bcf428afdca8fa4eb4af5d6bb089f62807ca6ea5,H230,H230.jpg,contrast_70,lighting,1,scored,1.48,H230,961,1783
H230__contrast_130,H230__contrast_130.jpg,6556a884792d41ba19b4a62fd4cbe20737a3a2dad91a283685d75ee24e63a731,H230,H230.jpg,contrast_130,lighting,1,scored,1.48,H230,961,1783
H230__side_lighting,H230__side_lighting.jpg,748fa561ec6ce54c8e3751ee00827dc3029bcfc333b9aaf1f40ddaa2b3d76ba6,H230,H230.jpg,side_lighting,lighting,1,scored,1.48,H230,961,1783
H230__jpeg_q35,H230__jpeg_q35.jpg,1460659231f2ab791ac47bba83d603c1438294a29644230d4fd7d9d8430b1377,H230,H230.jpg,jpeg_q35,jpeg,1,scored,1.48,H230,961,1783
H230__rotate_3,H230__rotate_3.jpg,bf9ceb36bc21d7727192477e8f7b2d104d159bd682b943e641b1891806928d8a,H230,H230.jpg,rotate_3,rotation_camera_like,1,scored,1.48,H230,961,1783
H230__perspective_mild,H230__perspective_mild.jpg,6986e0ee0f5aef7e43219144857baed1695bf75488e090e4f344e72703923190,H230,H230.jpg,perspective_mild,rotation_camera_like,1,scored,1.48,H230,961,1783
H230__gaussian_blur_1_5,H230__gaussian_blur_1_5.jpg,851fbfca4a823cc30d5f610b102849def96e716afde6dc984496f408d4639ee5,H230,H230.jpg,gaussian_blur_1_5,rotation_camera_like,1,scored,1.48,H230,961,1783
T220__original,T220__original.jpg,12773b08a8ce4eee41434cc6ef1500291695b9647bf071683404d04db47862fe,T220,T220.jpg,original,control,2,scored,2.50,T220,961,1783
T220__mirror,T220__mirror.jpg,7390b184afbb8cef0e5c88c4c822681623eb6e5300aeccf48713780d15806ebb,T220,T220.jpg,mirror,mirror,2,scored,2.50,T220,961,1783
T220__crop_center_10,T220__crop_center_10.jpg,846e057a10556e4e1147e32548346c1d18c6d49d489892e4cab9a09c35b5842c,T220,T220.jpg,crop_center_10,crop,2,scored,2.50,T220,769,1427
T220__crop_legs_20,T220__crop_legs_20.jpg,08233d77dacb7fd5a830b3e3b0d072137997fb78d6a308583a604ec7b0039f49,T220,T220.jpg,crop_legs_20,crop,2,scored,2.50,T220,961,1426
T220__pad_wide_black,T220__pad_wide_black.jpg,6e1c62bba040e093926633b35728f6c906727a589caa54dc6223611401756a8d,T220,T220.jpg,pad_wide_black,padding_aspect,2,scored,2.50,T220,1345,1783
T220__pad_tall_black,T220__pad_tall_black.jpg,dfca99bc1489b7ac9327ed1bb28e2a7e61bd86aaf2b2bdcae651c8e2b0325a0a,T220,T220.jpg,pad_tall_black,padding_aspect,2,scored,2.50,T220,961,2318
T220__canvas_light_gray,T220__canvas_light_gray.jpg,b0718789d88c1d1392bb5a0553c608ad7779ef322b3406ce4ae1983a1bbd238d,T220,T220.jpg,canvas_light_gray,background_canvas,2,scored,2.50,T220,1201,2229
T220__aspect_squeeze_80,T220__aspect_squeeze_80.jpg,ad5d4e3e88e7c83513b3bca332ea28429324bac45ffee3be6616b5ad43aa8ecd,T220,T220.jpg,aspect_squeeze_80,padding_aspect,2,scored,2.50,T220,769,1783
T220__resolution_256,T220__resolution_256.jpg,cc14e2d2bcdb733ae47700525fd81a9a6134cb1a7eb947dd7c7a102f9fcab85c,T220,T220.jpg,resolution_256,resolution,2,scored,2.50,T220,138,256
T220__brightness_70,T220__brightness_70.jpg,f276df0dd6ecb4cacfab4114595a42c93977a7072e21e72bced51d3ba0def7a7,T220,T220.jpg,brightness_70,lighting,2,scored,2.50,T220,961,1783
T220__brightness_130,T220__brightness_130.jpg,f22207b74719b3dba6ff1e9c29f508068e3eb75109ace3052f9ba54433c304e2,T220,T220.jpg,brightness_130,lighting,2,scored,2.50,T220,961,1783
T220__contrast_70,T220__contrast_70.jpg,903bfc6519ec3edda5c8d597f19ae37e42251238e4c2968f7cdf7f97de3cacaf,T220,T220.jpg,contrast_70,lighting,2,scored,2.50,T220,961,1783
T220__contrast_130,T220__contrast_130.jpg,c43c0024f5e046699d3516ea2ef65cf50851b663cb5ad5306f72bfbe7b86700f,T220,T220.jpg,contrast_130,lighting,2,scored,2.50,T220,961,1783
T220__side_lighting,T220__side_lighting.jpg,7dde56065302e6e3e2cf7092dc20d241f5fb8d8e29db761d4ac7c22500bf0e0e,T220,T220.jpg,side_lighting,lighting,2,scored,2.50,T220,961,1783
T220__jpeg_q35,T220__jpeg_q35.jpg,d57f225605109a16df2d0d643a256a476ba91fe4018139cc4b25bba4c0072b3a,T220,T220.jpg,jpeg_q35,jpeg,2,scored,2.50,T220,961,1783
T220__rotate_3,T220__rotate_3.jpg,a8ed9173b19642c4fb4aca364b41b784d4b2ee9a06b8a96aa90399a3108aee80,T220,T220.jpg,rotate_3,rotation_camera_like,2,scored,2.50,T220,961,1783
T220__perspective_mild,T220__perspective_mild.jpg,c1860dad6af8b2e1123077358cb7d59a12afd00cf2f831ae6adc1a9fcd011980,T220,T220.jpg,perspective_mild,rotation_camera_like,2,scored,2.50,T220,961,1783
T220__gaussian_blur_1_5,T220__gaussian_blur_1_5.jpg,9a06402740e55177f444b56f911755c1f31d94841a51fd517fc39826b7b6e48c,T220,T220.jpg,gaussian_blur_1_5,rotation_camera_like,2,scored,2.50,T220,961,1783
H200__original,H200__original.jpg,7cd201d597a1a76d185d9848ceff4d2e41019066558601170786e06244b19fca,H200,H200.jpg,original,control,2,refused,1.80,H200,961,1783
H200__mirror,H200__mirror.jpg,f58c19a74acf58cb870a17024036df23eb7c47f70ee6f879f5dcdc338997c1bf,H200,H200.jpg,mirror,mirror,2,refused,1.80,H200,961,1783
H200__crop_center_10,H200__crop_center_10.jpg,edd19ac8ce568641a434757f97d8d151e62e7e2dc4c00471df364edd347b365d,H200,H200.jpg,crop_center_10,crop,2,refused,1.80,H200,769,1427
H200__crop_legs_20,H200__crop_legs_20.jpg,054d181585c6b370592e7cc5919e4da576268ecfec084d4b0c003e0a484e5d1e,H200,H200.jpg,crop_legs_20,crop,2,refused,1.80,H200,961,1426
H200__pad_wide_black,H200__pad_wide_black.jpg,c18d5c89db62b0d67f84bd2f0fdb9ad4ec1d5f4836e3dd0d0387bee215d1657a,H200,H200.jpg,pad_wide_black,padding_aspect,2,refused,1.80,H200,1345,1783
H200__pad_tall_black,H200__pad_tall_black.jpg,6f6c241a176ae0d6c827b099479e6339ae6cc97ff74cfd48b499043e97e44f79,H200,H200.jpg,pad_tall_black,padding_aspect,2,refused,1.80,H200,961,2318
H200__canvas_light_gray,H200__canvas_light_gray.jpg,54ba27b1ada4ec6c214d1086a502f77443f3473a01124a52730cfab345611947,H200,H200.jpg,canvas_light_gray,background_canvas,2,refused,1.80,H200,1201,2229
H200__aspect_squeeze_80,H200__aspect_squeeze_80.jpg,4391f31f3af1411c99f54c6fc003cf06b2abf113d9110e3827b359acca4eb4e5,H200,H200.jpg,aspect_squeeze_80,padding_aspect,2,refused,1.80,H200,769,1783
H200__resolution_256,H200__resolution_256.jpg,341c35ee1ec2c6e542929ab674d0f49b389366156a06a55daaa97294a84bbb12,H200,H200.jpg,resolution_256,resolution,2,refused,1.80,H200,138,256
H200__brightness_70,H200__brightness_70.jpg,7aa9a1d5935052550f0016de6d11fb8a4d8307c937047bfff7d2f8ddd82718ab,H200,H200.jpg,brightness_70,lighting,2,refused,1.80,H200,961,1783
H200__brightness_130,H200__brightness_130.jpg,09b8d99dc116c6160b214e4ced35f8949aaaad19011f749f475f22f4c3744f5c,H200,H200.jpg,brightness_130,lighting,2,refused,1.80,H200,961,1783
H200__contrast_70,H200__contrast_70.jpg,7ab704762bb3edd51ed64a887a57f22355a7ad83ac74846e0e6f3f7c3e264df6,H200,H200.jpg,contrast_70,lighting,2,refused,1.80,H200,961,1783
H200__contrast_130,H200__contrast_130.jpg,a8f679d4d2dd4cc5c2c2c9fc36ee289ac6d66e76f8572f10f80c12b058e5c02b,H200,H200.jpg,contrast_130,lighting,2,refused,1.80,H200,961,1783
H200__side_lighting,H200__side_lighting.jpg,ac73199a72ea284d884fce58c52a81fdd0b5e222ee6e30a0df172707eb1a5e54,H200,H200.jpg,side_lighting,lighting,2,refused,1.80,H200,961,1783
H200__jpeg_q35,H200__jpeg_q35.jpg,66c8d57c8c945e2b40b5643825d9104d29480d29e3c039bc68fa32f2788eb346,H200,H200.jpg,jpeg_q35,jpeg,2,refused,1.80,H200,961,1783
H200__rotate_3,H200__rotate_3.jpg,a4fe6f71924ab3d809089bc977298f915455f50488977d88874fc7867a329839,H200,H200.jpg,rotate_3,rotation_camera_like,2,refused,1.80,H200,961,1783
H200__perspective_mild,H200__perspective_mild.jpg,efba4652543d012170847a8a19d2608a655ba114f45b7878f7832bd55cf74744,H200,H200.jpg,perspective_mild,rotation_camera_like,2,refused,1.80,H200,961,1783
H200__gaussian_blur_1_5,H200__gaussian_blur_1_5.jpg,b9a3d3cb835224eb24d1b9d1c576267aca5b9eb4264c0b12729030ce99b85f2f,H200,H200.jpg,gaussian_blur_1_5,rotation_camera_like,2,refused,1.80,H200,961,1783
T230__original,T230__original.jpg,b388352d3075f837db6bc60c6bf7a931d6fc67a69dbb2db2fbd3f120b311885d,T230,T230.jpg,original,control,2,scored,2.33,T230,961,1783
T230__mirror,T230__mirror.jpg,48c197a3b79e04bc20ecf8606aed75fac3bcf6c9aa7d9451bcf33aac4ee08ae7,T230,T230.jpg,mirror,mirror,2,scored,2.33,T230,961,1783
T230__crop_center_10,T230__crop_center_10.jpg,47699e45afd4f6f4a8f2e8ab7cfd4952c17d6dfcc6c034b94fa2a75a55f34494,T230,T230.jpg,crop_center_10,crop,2,scored,2.33,T230,769,1427
T230__crop_legs_20,T230__crop_legs_20.jpg,ef404b3fb563d74aceedbd83adc089519e967bc1fffc991ded4be8b97efd1696,T230,T230.jpg,crop_legs_20,crop,2,scored,2.33,T230,961,1426
T230__pad_wide_black,T230__pad_wide_black.jpg,02c9b8f4e405e0690b9e31e0e7c0a2780c70a1bf7df57d5e79a11e7447cb7419,T230,T230.jpg,pad_wide_black,padding_aspect,2,scored,2.33,T230,1345,1783
T230__pad_tall_black,T230__pad_tall_black.jpg,c78c2c5ba4bd3a95b4c265648afde6aab0cc70263e5edb3ee39100d68fdf3bbb,T230,T230.jpg,pad_tall_black,padding_aspect,2,scored,2.33,T230,961,2318
T230__canvas_light_gray,T230__canvas_light_gray.jpg,3ec007d499274a46b1c4d5a668c87f1d95b1ad5a41b3e945aee3c2bb9c206df3,T230,T230.jpg,canvas_light_gray,background_canvas,2,scored,2.33,T230,1201,2229
T230__aspect_squeeze_80,T230__aspect_squeeze_80.jpg,69e42e3620c345c5851a36697c609fc6f3d58bff1c045f96df7dd2313d79c14a,T230,T230.jpg,aspect_squeeze_80,padding_aspect,2,scored,2.33,T230,769,1783
T230__resolution_256,T230__resolution_256.jpg,b8ed919559848ae2735f143d1c4b41fa2b96608bca8015f3188f8eb280f467a2,T230,T230.jpg,resolution_256,resolution,2,scored,2.33,T230,138,256
T230__brightness_70,T230__brightness_70.jpg,ec963ad48ae43dba9fbd1d8ab74ccae1e49897e55e9c541ec8c8bd5b6b1afff2,T230,T230.jpg,brightness_70,lighting,2,scored,2.33,T230,961,1783
T230__brightness_130,T230__brightness_130.jpg,c070695de896e23181e4279080d1bddb6d1ba4e94a29b9566fd9d3a90492e43e,T230,T230.jpg,brightness_130,lighting,2,scored,2.33,T230,961,1783
T230__contrast_70,T230__contrast_70.jpg,bb0e60c1732af077db5f3158e8780d17aa8618d4d23b5867e0bd3e583e4a080e,T230,T230.jpg,contrast_70,lighting,2,scored,2.33,T230,961,1783
T230__contrast_130,T230__contrast_130.jpg,840f2abc8764b29fa50538d38591aedcf88c30ae07304191b022af5d4b10d314,T230,T230.jpg,contrast_130,lighting,2,scored,2.33,T230,961,1783
T230__side_lighting,T230__side_lighting.jpg,654335a043dd24ca9d56a39682a91ddc7aa40483c60243619b98a92e2b1fa45e,T230,T230.jpg,side_lighting,lighting,2,scored,2.33,T230,961,1783
T230__jpeg_q35,T230__jpeg_q35.jpg,ae6b1a0cd96fc57fc3104858fc23355cc64e694072cc1c787d0a59cb5bc30f90,T230,T230.jpg,jpeg_q35,jpeg,2,scored,2.33,T230,961,1783
T230__rotate_3,T230__rotate_3.jpg,3a19967ad2606f8537d27b200b5b7a75bed6cfdcdcb45c633b874b43c4c28f29,T230,T230.jpg,rotate_3,rotation_camera_like,2,scored,2.33,T230,961,1783
T230__perspective_mild,T230__perspective_mild.jpg,8927776269d8609560d661dd36e99aba1a49dece8275033d249c283dcd37c75d,T230,T230.jpg,perspective_mild,rotation_camera_like,2,scored,2.33,T230,961,1783
T230__gaussian_blur_1_5,T230__gaussian_blur_1_5.jpg,04174f3816950e29defbe5b8c5bd4c829e2e54d8f1cfb2e1f9c0b78dd34a4faa,T230,T230.jpg,gaussian_blur_1_5,rotation_camera_like,2,scored,2.33,T230,961,1783
T200__original,T200__original.jpg,fd2061ee7cb5e483263e52a5c2fd7a2ade376f51954df503bbd085ac7c385fb8,T200,T200.jpg,original,control,3,scored,3.40,T200,961,1783
T200__mirror,T200__mirror.jpg,b5f3ec4da2ec78fe01927d46d707b0743a8b75aabd47309eb359bf3fcdbd9b99,T200,T200.jpg,mirror,mirror,3,scored,3.40,T200,961,1783
T200__crop_center_10,T200__crop_center_10.jpg,d76727865e9c08cc786d109ad69bbe71575efa0c50ddc65db855389c3d93ee75,T200,T200.jpg,crop_center_10,crop,3,scored,3.40,T200,769,1427
T200__crop_legs_20,T200__crop_legs_20.jpg,058e4462528ab93aa2bf044285fd4735666675e6cfe901693ba8826e11f0b1f7,T200,T200.jpg,crop_legs_20,crop,3,scored,3.40,T200,961,1426
T200__pad_wide_black,T200__pad_wide_black.jpg,e12b25699599d3d1343fe9be9b847a1f9028c409c1c17a4de363e3ed7e7c9bc2,T200,T200.jpg,pad_wide_black,padding_aspect,3,scored,3.40,T200,1345,1783
T200__pad_tall_black,T200__pad_tall_black.jpg,859a376fd071ebfbc8c2443a2440acbff411bb3393277ca1d796e11fd1cc1c7f,T200,T200.jpg,pad_tall_black,padding_aspect,3,scored,3.40,T200,961,2318
T200__canvas_light_gray,T200__canvas_light_gray.jpg,b13de9deef6073e2ccacade69fdd1b4763c90c0a591bb0d902c0bb3e7cba5dda,T200,T200.jpg,canvas_light_gray,background_canvas,3,scored,3.40,T200,1201,2229
T200__aspect_squeeze_80,T200__aspect_squeeze_80.jpg,ad2e8190638aa641447bab278b0b77db1f84b30e55f799daaa433e4b24831452,T200,T200.jpg,aspect_squeeze_80,padding_aspect,3,scored,3.40,T200,769,1783
T200__resolution_256,T200__resolution_256.jpg,713fca196084cd5d46aa10203c3ff92b6b0e017220bfe564de6268d1e613685f,T200,T200.jpg,resolution_256,resolution,3,scored,3.40,T200,138,256
T200__brightness_70,T200__brightness_70.jpg,aa303079215615a9da532889f51bd945d1aa4d9873296cedc5caeb6367ca0148,T200,T200.jpg,brightness_70,lighting,3,scored,3.40,T200,961,1783
T200__brightness_130,T200__brightness_130.jpg,b0d3c01b3c0ba38f920ded7104eff1c4f69b4f3c484ded59d32f8d392085044b,T200,T200.jpg,brightness_130,lighting,3,scored,3.40,T200,961,1783
T200__contrast_70,T200__contrast_70.jpg,bbc970864cd296164b36e4c5990c44980d23f6fa114297d9a5391567ec7e5e37,T200,T200.jpg,contrast_70,lighting,3,scored,3.40,T200,961,1783
T200__contrast_130,T200__contrast_130.jpg,431ab6c11ff0b6552b3714925838c5e273d959e8034a219edfb2fc7d5f55aba6,T200,T200.jpg,contrast_130,lighting,3,scored,3.40,T200,961,1783
T200__side_lighting,T200__side_lighting.jpg,89c9542fc6b62c9bef52757c209c3bd69c5345a53a3cbfecc20d1c228af0fd89,T200,T200.jpg,side_lighting,lighting,3,scored,3.40,T200,961,1783
T200__jpeg_q35,T200__jpeg_q35.jpg,4a1ed27bfcc705a64350502b1d78f1a3982668db1993ba3d8e84cb28e173134c,T200,T200.jpg,jpeg_q35,jpeg,3,scored,3.40,T200,961,1783
T200__rotate_3,T200__rotate_3.jpg,117bb3dbbba53fea35a15d71356eb655772811b332895602baf06aa322e9290f,T200,T200.jpg,rotate_3,rotation_camera_like,3,scored,3.40,T200,961,1783
T200__perspective_mild,T200__perspective_mild.jpg,3b03a3a97f16d713d705fe9ef1e317f83f23047fef92acc8811b4b2336eee057,T200,T200.jpg,perspective_mild,rotation_camera_like,3,scored,3.40,T200,961,1783
T200__gaussian_blur_1_5,T200__gaussian_blur_1_5.jpg,7b576c58ad2160cb66232814126fb08eca98b16bf2774ff2a23677fb35981bbb,T200,T200.jpg,gaussian_blur_1_5,rotation_camera_like,3,scored,3.40,T200,961,1783
T170__original,T170__original.jpg,6fe29d558fb66866d308ff8c9fe7bcec2526d1afccf920050aece0cae6cdcde9,T170,T170.jpg,original,control,3,scored,4.62,T170,961,1783
T170__mirror,T170__mirror.jpg,359da0bbb49f1f2be424721f8770206a3469b623b657db768aad611dbf56c80f,T170,T170.jpg,mirror,mirror,3,scored,4.62,T170,961,1783
T170__crop_center_10,T170__crop_center_10.jpg,c656d0a1d77c58576e1bb017d20bccaf8e293fb58700e4ef96e57da6e166b792,T170,T170.jpg,crop_center_10,crop,3,scored,4.62,T170,769,1427
T170__crop_legs_20,T170__crop_legs_20.jpg,1eb6e633114be56d95bfda1470b8eb02ca6f41b54194aeaf2c6ea8e3a280b59b,T170,T170.jpg,crop_legs_20,crop,3,scored,4.62,T170,961,1426
T170__pad_wide_black,T170__pad_wide_black.jpg,96e2a56402dfecf7df2cb2bb2cba5095f2066b53ddc6074bb04874f05563f281,T170,T170.jpg,pad_wide_black,padding_aspect,3,scored,4.62,T170,1345,1783
T170__pad_tall_black,T170__pad_tall_black.jpg,c6d02bab7676e4f0a7b61a372fb6e7860c086a95221a0e25a50ef3d58f412c64,T170,T170.jpg,pad_tall_black,padding_aspect,3,scored,4.62,T170,961,2318
T170__canvas_light_gray,T170__canvas_light_gray.jpg,2c04f780344d8a4e892a326f4ff5d67fa1498da170ab7b9f2e17684ecb8d8c2f,T170,T170.jpg,canvas_light_gray,background_canvas,3,scored,4.62,T170,1201,2229
T170__aspect_squeeze_80,T170__aspect_squeeze_80.jpg,d5fa00e353ac13155cc7396e5a890502e85c54de13624217ddff23e971cc9fdb,T170,T170.jpg,aspect_squeeze_80,padding_aspect,3,scored,4.62,T170,769,1783
T170__resolution_256,T170__resolution_256.jpg,1473c6ee8fbb1050790270655439d9d262a68d4110187f61f4dbb4a1e1879160,T170,T170.jpg,resolution_256,resolution,3,scored,4.62,T170,138,256
T170__brightness_70,T170__brightness_70.jpg,47b99208e7cd243287189cb1016dc9c7f328f9a4a8f68c5cf49bc015a595686a,T170,T170.jpg,brightness_70,lighting,3,scored,4.62,T170,961,1783
T170__brightness_130,T170__brightness_130.jpg,d4928b40752421ac470844bbba5d1bbe9aa73c6b91af3dc5b5a8757c86032291,T170,T170.jpg,brightness_130,lighting,3,scored,4.62,T170,961,1783
T170__contrast_70,T170__contrast_70.jpg,7676cc165b426e649545b3650db07961a4b908cb05e2d36b46d8a8260d843e9d,T170,T170.jpg,contrast_70,lighting,3,scored,4.62,T170,961,1783
T170__contrast_130,T170__contrast_130.jpg,68e5ee1eff58e833bd6a95cedcf5494167671fbc03f8e19ee381112dc757341b,T170,T170.jpg,contrast_130,lighting,3,scored,4.62,T170,961,1783
T170__side_lighting,T170__side_lighting.jpg,95572b2544b06c4df9e85e9ecdb2b8eb9e9633238e5e9392b5b2e547ff5cb3b9,T170,T170.jpg,side_lighting,lighting,3,scored,4.62,T170,961,1783
T170__jpeg_q35,T170__jpeg_q35.jpg,5c2e91714ef68ca1394b9f777dd25fca84f8473f7089ade67a4d3f7e65273065,T170,T170.jpg,jpeg_q35,jpeg,3,scored,4.62,T170,961,1783
T170__rotate_3,T170__rotate_3.jpg,a908c2efe8692a776b91418602c7364d5121021beaa29e1b7e8e887ecc37f623,T170,T170.jpg,rotate_3,rotation_camera_like,3,scored,4.62,T170,961,1783
T170__perspective_mild,T170__perspective_mild.jpg,d14fb9ac2d2259b94c613f008daa9d7a32216bccabd086893628eea1cceef11a,T170,T170.jpg,perspective_mild,rotation_camera_like,3,scored,4.62,T170,961,1783
T170__gaussian_blur_1_5,T170__gaussian_blur_1_5.jpg,c4ec02c8841998e51eaffc90bea175c5a96ac8ffef6ccff36f9776cfbc6c4dd6,T170,T170.jpg,gaussian_blur_1_5,rotation_camera_like,3,scored,4.62,T170,961,1783
H030__original,H030__original.jpg,50cc8926bbae834468473c8c1f8c6a28b7d93e210bb25820af0b1a6d05a36703,H030,H030.jpg,original,control,3,scored,6.57,H030,961,1783
H030__mirror,H030__mirror.jpg,a173c5bd3e51cb2b4737c0eb5f3f60e77767e8ccab69e56da1c0c783c96c7b9b,H030,H030.jpg,mirror,mirror,3,scored,6.57,H030,961,1783
H030__crop_center_10,H030__crop_center_10.jpg,c7d3fc20e7200721d239f410ad1894e2ed956c11a00b0f9a193b23e3dc30c319,H030,H030.jpg,crop_center_10,crop,3,scored,6.57,H030,769,1427
H030__crop_legs_20,H030__crop_legs_20.jpg,64956934c11e0fa40ea91994c882477145cd24008f405ff6f356973e6fdd03de,H030,H030.jpg,crop_legs_20,crop,3,scored,6.57,H030,961,1426
H030__pad_wide_black,H030__pad_wide_black.jpg,6970e5cab96e9c80ee329f90bdbc01e152e186e806e83972970ba88d4db9bc02,H030,H030.jpg,pad_wide_black,padding_aspect,3,scored,6.57,H030,1345,1783
H030__pad_tall_black,H030__pad_tall_black.jpg,377432f141d36daabddefd7c886686f7cb99291168ac010ee67a42089e4a73e7,H030,H030.jpg,pad_tall_black,padding_aspect,3,scored,6.57,H030,961,2318
H030__canvas_light_gray,H030__canvas_light_gray.jpg,d2b4ef3563a667376870a563aa4afc8f47e1de319216ef1dd19ae764e6dd7ff5,H030,H030.jpg,canvas_light_gray,background_canvas,3,scored,6.57,H030,1201,2229
H030__aspect_squeeze_80,H030__aspect_squeeze_80.jpg,38ab965ba012a0f27e6ff5aabaa325adf2b38e2f6d49d987a6c3ac3039df5ae9,H030,H030.jpg,aspect_squeeze_80,padding_aspect,3,scored,6.57,H030,769,1783
H030__resolution_256,H030__resolution_256.jpg,938fa1cdb35a9f8662f9fda70eedc3ce081c93f0a3c89ff979d5906673087f79,H030,H030.jpg,resolution_256,resolution,3,scored,6.57,H030,138,256
H030__brightness_70,H030__brightness_70.jpg,c2e361ce3ea5ea8555c6a892159efbbb7479c19a6d51e12ac9aef608b7d70843,H030,H030.jpg,brightness_70,lighting,3,scored,6.57,H030,961,1783
H030__brightness_130,H030__brightness_130.jpg,9098c32e0f6d970e9d78dab719dc69103e135115806569804a9d6a4581db6767,H030,H030.jpg,brightness_130,lighting,3,scored,6.57,H030,961,1783
H030__contrast_70,H030__contrast_70.jpg,293adab12aa1933eb5be3693a793ecdc61a265fefff81a5ae6ec8a54ef939cd6,H030,H030.jpg,contrast_70,lighting,3,scored,6.57,H030,961,1783
H030__contrast_130,H030__contrast_130.jpg,fca6ded542c9bb9084635dcdbee4218f8004aa8beb03d919b72f2c1d117a2c94,H030,H030.jpg,contrast_130,lighting,3,scored,6.57,H030,961,1783
H030__side_lighting,H030__side_lighting.jpg,8e8fecc23acc7afe7ad7b995f4eda3b2b929b9a88522c1d38696abbcae4a15c4,H030,H030.jpg,side_lighting,lighting,3,scored,6.57,H030,961,1783
H030__jpeg_q35,H030__jpeg_q35.jpg,eaf7041d5e4c05d490c91f07a7f9038925661e2c6d5724713c3a3e546e85e1a8,H030,H030.jpg,jpeg_q35,jpeg,3,scored,6.57,H030,961,1783
H030__rotate_3,H030__rotate_3.jpg,89939ec60bcc6fa4b88aefd711721ba28ddeb344f09865d1e4c4df21bdc82191,H030,H030.jpg,rotate_3,rotation_camera_like,3,scored,6.57,H030,961,1783
H030__perspective_mild,H030__perspective_mild.jpg,62ae96e9f7a5be0262d8b8b7a93db32144b368ff540e0b0c76dddbf19994cc17,H030,H030.jpg,perspective_mild,rotation_camera_like,3,scored,6.57,H030,961,1783
H030__gaussian_blur_1_5,H030__gaussian_blur_1_5.jpg,ce9b2815fc0964047ec2483233c25a09cf7747847b27ab283fc86d4d55671eb2,H030,H030.jpg,gaussian_blur_1_5,rotation_camera_like,3,scored,6.57,H030,961,1783
T130__original,T130__original.jpg,617aa882e6d147ac330f5e09eee689ce036794279761dc1646d5154d0a1be831,T130,T130.jpg,original,control,4,scored,6.58,T130,961,1783
T130__mirror,T130__mirror.jpg,f87abbb2966e57c22d3fcfdaff20987aa7f1e74106ba9fa282386f0552465776,T130,T130.jpg,mirror,mirror,4,scored,6.58,T130,961,1783
T130__crop_center_10,T130__crop_center_10.jpg,750266c215ad468268ba2a2cb878c2ffe6be046665eb8e20978dc203da2b2d4f,T130,T130.jpg,crop_center_10,crop,4,scored,6.58,T130,769,1427
T130__crop_legs_20,T130__crop_legs_20.jpg,b384f69ce20763fc20cbf435618721f5c166be78a043916f63f82d35690390ab,T130,T130.jpg,crop_legs_20,crop,4,scored,6.58,T130,961,1426
T130__pad_wide_black,T130__pad_wide_black.jpg,a34e81d0bb741defeb79082a7b99c4ff37f11b593138df7e5af25b72e2e3e15e,T130,T130.jpg,pad_wide_black,padding_aspect,4,scored,6.58,T130,1345,1783
T130__pad_tall_black,T130__pad_tall_black.jpg,a7fc08dca6c72010e5cf8fa6fa751369da9c5d60de4d23bc460b8c3f729d202c,T130,T130.jpg,pad_tall_black,padding_aspect,4,scored,6.58,T130,961,2318
T130__canvas_light_gray,T130__canvas_light_gray.jpg,4c0ec4a949f3547c2249409b167ad43324b358913a979e6d425b81eb63a0b6c4,T130,T130.jpg,canvas_light_gray,background_canvas,4,scored,6.58,T130,1201,2229
T130__aspect_squeeze_80,T130__aspect_squeeze_80.jpg,fcd14be4f81509b79bdb46ab5c55deb86428074ac23f85b1b8ef7b3cce91da40,T130,T130.jpg,aspect_squeeze_80,padding_aspect,4,scored,6.58,T130,769,1783
T130__resolution_256,T130__resolution_256.jpg,a633a46603c4a8315af9491eb428582d12eb4f849af276344c49297d2a7b4e33,T130,T130.jpg,resolution_256,resolution,4,scored,6.58,T130,138,256
T130__brightness_70,T130__brightness_70.jpg,d5a403fc55959c4514745e46686bfa4fed2edf5bbd9c34815658d2c80eb9c10c,T130,T130.jpg,brightness_70,lighting,4,scored,6.58,T130,961,1783
T130__brightness_130,T130__brightness_130.jpg,051486c400c2601f9d7e1b6d60f39ac57f3bb496761c654db399ee838f57412e,T130,T130.jpg,brightness_130,lighting,4,scored,6.58,T130,961,1783
T130__contrast_70,T130__contrast_70.jpg,3e28e718a35430f4c10cb5c4bab4eb9a9ddcba64e625d91e8f1871a422a5c34b,T130,T130.jpg,contrast_70,lighting,4,scored,6.58,T130,961,1783
T130__contrast_130,T130__contrast_130.jpg,c64b1fcfe22ea001fe69b7c727935640fe145519a118f6b6165a7525eec00558,T130,T130.jpg,contrast_130,lighting,4,scored,6.58,T130,961,1783
T130__side_lighting,T130__side_lighting.jpg,080cab5a47679e823106ca217d5cc5117c3cce3d18d660d29597deb31724b6a3,T130,T130.jpg,side_lighting,lighting,4,scored,6.58,T130,961,1783
T130__jpeg_q35,T130__jpeg_q35.jpg,2401d4efd84259e672003feab0dd9a8a5db96adf3b4a2e047c4d84c6e462820d,T130,T130.jpg,jpeg_q35,jpeg,4,scored,6.58,T130,961,1783
T130__rotate_3,T130__rotate_3.jpg,7060e68cd705ae7b571009c1baeb14f5501447f4a98a6f0f26bb2a68aa0f4c81,T130,T130.jpg,rotate_3,rotation_camera_like,4,scored,6.58,T130,961,1783
T130__perspective_mild,T130__perspective_mild.jpg,ea50e617ccbbdf2edad51f5e6ce0553d96a3544a2d3df68932f888fa07f1f9e2,T130,T130.jpg,perspective_mild,rotation_camera_like,4,scored,6.58,T130,961,1783
T130__gaussian_blur_1_5,T130__gaussian_blur_1_5.jpg,d612b4bde54b21c9fc91d7a5cb213b01931a96680de36657a948cf839d573611,T130,T130.jpg,gaussian_blur_1_5,rotation_camera_like,4,scored,6.58,T130,961,1783
T070__original,T070__original.jpg,cdb58a76dc8d4defac0dcf338c02b563bc309bdb720989c737f4ad9a6e64dc4b,T070,T070.jpg,original,control,4,scored,7.94,T070,961,1783
T070__mirror,T070__mirror.jpg,a222a9e45a016271761a6646031c2d45c82dac7e23a6197bb5d17aab709f81f3,T070,T070.jpg,mirror,mirror,4,scored,7.94,T070,961,1783
T070__crop_center_10,T070__crop_center_10.jpg,827a13bd476f1e1afc70e60fbb199e062dd89bba3c15ac66811843c85cc42153,T070,T070.jpg,crop_center_10,crop,4,scored,7.94,T070,769,1427
T070__crop_legs_20,T070__crop_legs_20.jpg,fc0d35d755b172a69a65506aeb23673f86576c4184b92832a5c8e70ff00ca127,T070,T070.jpg,crop_legs_20,crop,4,scored,7.94,T070,961,1426
T070__pad_wide_black,T070__pad_wide_black.jpg,2bbe15402a203143207d4d0769a8883bb63e837ff8f7ab0197f66f32e928c530,T070,T070.jpg,pad_wide_black,padding_aspect,4,scored,7.94,T070,1345,1783
T070__pad_tall_black,T070__pad_tall_black.jpg,f6c00319faa5a339a220049187ba13640a273f261b2c1967687975f46ccc8104,T070,T070.jpg,pad_tall_black,padding_aspect,4,scored,7.94,T070,961,2318
T070__canvas_light_gray,T070__canvas_light_gray.jpg,211756b1b6733d0ed632191d0c562b947f518222ba9d38e616f0228eb28a529e,T070,T070.jpg,canvas_light_gray,background_canvas,4,scored,7.94,T070,1201,2229
T070__aspect_squeeze_80,T070__aspect_squeeze_80.jpg,0b33d67bdebffd1ff813312d04e388b442371ece3f4b5808467a451061a8f2e4,T070,T070.jpg,aspect_squeeze_80,padding_aspect,4,scored,7.94,T070,769,1783
T070__resolution_256,T070__resolution_256.jpg,06dd1518c2253f21390399318528fd8ae13ec7428ce91fac9cd034b91b62174f,T070,T070.jpg,resolution_256,resolution,4,scored,7.94,T070,138,256
T070__brightness_70,T070__brightness_70.jpg,d7664f5caf952284d04672147ff298ede179e466cd53580a61c2d68afefb04db,T070,T070.jpg,brightness_70,lighting,4,scored,7.94,T070,961,1783
T070__brightness_130,T070__brightness_130.jpg,95517436782682ec444783676a5e58b4a3737ec70dd905e9b94c3735a0f675df,T070,T070.jpg,brightness_130,lighting,4,scored,7.94,T070,961,1783
T070__contrast_70,T070__contrast_70.jpg,eb4eb56b7027be71a59239887062b7fd13e24d17f202f23a46623302ed4fb44c,T070,T070.jpg,contrast_70,lighting,4,scored,7.94,T070,961,1783
T070__contrast_130,T070__contrast_130.jpg,d8eded0f2c6bd8cbcdbe08fce0e331117f6788e2542a0bf9e388d83831ac060b,T070,T070.jpg,contrast_130,lighting,4,scored,7.94,T070,961,1783
T070__side_lighting,T070__side_lighting.jpg,f4e4559f5e964641ee0abecad054ebd819937a43e4e1680d5e551308d00c7963,T070,T070.jpg,side_lighting,lighting,4,scored,7.94,T070,961,1783
T070__jpeg_q35,T070__jpeg_q35.jpg,1d86737c521ba059c88be8efa30578f3908e79c7be1d3579c5c353df3cf0ca8b,T070,T070.jpg,jpeg_q35,jpeg,4,scored,7.94,T070,961,1783
T070__rotate_3,T070__rotate_3.jpg,c85362492de71656e0349e81e3b25768a1704e1af670f38d18392627072262d0,T070,T070.jpg,rotate_3,rotation_camera_like,4,scored,7.94,T070,961,1783
T070__perspective_mild,T070__perspective_mild.jpg,d403ee91792df251f7bf632de3858d00b3d9addceb63036081525be63410fee0,T070,T070.jpg,perspective_mild,rotation_camera_like,4,scored,7.94,T070,961,1783
T070__gaussian_blur_1_5,T070__gaussian_blur_1_5.jpg,cddfc761f1e87ce2df5cae30007e40c6d8164086f855a44406f14511eb695250,T070,T070.jpg,gaussian_blur_1_5,rotation_camera_like,4,scored,7.94,T070,961,1783
T040__original,T040__original.jpg,5ac0432ba7fac4d94e3b524b52974f60ba1bae3bd32d9d8cab504efb6166b4b6,T040,T040.jpg,original,control,4,scored,8.29,T040,961,1783
T040__mirror,T040__mirror.jpg,6a3777058aa870e703691583a5bfe6715a44d4701b1aa6661204fe0e7de55cee,T040,T040.jpg,mirror,mirror,4,scored,8.29,T040,961,1783
T040__crop_center_10,T040__crop_center_10.jpg,e56c2398008ade09925aabc21424f10afb2e069e1ae2d0383488c1ec6056e23d,T040,T040.jpg,crop_center_10,crop,4,scored,8.29,T040,769,1427
T040__crop_legs_20,T040__crop_legs_20.jpg,53eebf25f808db813c3c3784694dd4a6d2691117e93e29fa706a7d6aa6bea187,T040,T040.jpg,crop_legs_20,crop,4,scored,8.29,T040,961,1426
T040__pad_wide_black,T040__pad_wide_black.jpg,6879f7d7c5fe391037b0d94aeb206a7fc1f52b5e12e0beb36c189fd203e169dd,T040,T040.jpg,pad_wide_black,padding_aspect,4,scored,8.29,T040,1345,1783
T040__pad_tall_black,T040__pad_tall_black.jpg,9bd5f82ccb8e79a9bce7ba380a59c12d8cda4b8fc33e5c3c2cc41f1fcb3f7424,T040,T040.jpg,pad_tall_black,padding_aspect,4,scored,8.29,T040,961,2318
T040__canvas_light_gray,T040__canvas_light_gray.jpg,8f9572c1db8d82ce37bbad39867034f8c55714fb991f142f1b06fede22cfcae9,T040,T040.jpg,canvas_light_gray,background_canvas,4,scored,8.29,T040,1201,2229
T040__aspect_squeeze_80,T040__aspect_squeeze_80.jpg,4dded59b499cb1746f4deba9b08d6e83b9db0fb357f0e606a354f8c72676d065,T040,T040.jpg,aspect_squeeze_80,padding_aspect,4,scored,8.29,T040,769,1783
T040__resolution_256,T040__resolution_256.jpg,b0dac0253fe00d14d182f3468c94e54f814ffc028c2be9273f7c0fcf2c0eee8d,T040,T040.jpg,resolution_256,resolution,4,scored,8.29,T040,138,256
T040__brightness_70,T040__brightness_70.jpg,f0e44f43b1a31c1719f5f0ce2f277bb419110b15d36f2ceb2a300ca6dd4b444a,T040,T040.jpg,brightness_70,lighting,4,scored,8.29,T040,961,1783
T040__brightness_130,T040__brightness_130.jpg,8424cb7022f21fc254e16d83bec4d627fedc799e0a88482370416c3c1ac00103,T040,T040.jpg,brightness_130,lighting,4,scored,8.29,T040,961,1783
T040__contrast_70,T040__contrast_70.jpg,154bade5e3506284c43d1b69c821481e052d6fd9d2d2576374f7391833a0a32f,T040,T040.jpg,contrast_70,lighting,4,scored,8.29,T040,961,1783
T040__contrast_130,T040__contrast_130.jpg,feacf7fa48c188b539e8ff3ba6a572ceef010adddc937633498a0775ac550e1f,T040,T040.jpg,contrast_130,lighting,4,scored,8.29,T040,961,1783
T040__side_lighting,T040__side_lighting.jpg,70c66296f4b0c150d9d088ff04e4ef82c58e7d085f8fa9f354a7ea610bbbf014,T040,T040.jpg,side_lighting,lighting,4,scored,8.29,T040,961,1783
T040__jpeg_q35,T040__jpeg_q35.jpg,f4d6fade8564c08d9ba0d3d70daccfedd91adaee42f7c8c7639978d93a57390a,T040,T040.jpg,jpeg_q35,jpeg,4,scored,8.29,T040,961,1783
T040__rotate_3,T040__rotate_3.jpg,dd760b0f54c6be312dd97486c2c66919ad0ef58a9bf30abe3f9b4b75f324a5be,T040,T040.jpg,rotate_3,rotation_camera_like,4,scored,8.29,T040,961,1783
T040__perspective_mild,T040__perspective_mild.jpg,cf14c9604a52871b06410915a18d788d9bed38b1c202be125623c75195b51b8e,T040,T040.jpg,perspective_mild,rotation_camera_like,4,scored,8.29,T040,961,1783
T040__gaussian_blur_1_5,T040__gaussian_blur_1_5.jpg,2a9834845d4e28568c5d440e47e9b76ecfc9d824872589adf64d578135335c77,T040,T040.jpg,gaussian_blur_1_5,rotation_camera_like,4,scored,8.29,T040,961,1783
