image_id,filename,attractiveness_mean,bmi,identity_group,body_id,head_id,variant,label_sex,demographic_code,label_kind,image_sha256,width,height,timestamp,outcome,refusal,cause,pose_warning,sil_retry,routing,skin_frac,framing,person_frac,override,gate_band,gate_tilt,gate_yaw,skel_symmetry,model_raw,geom_bp_m,geom_cv_m,geom_bp_f,geom_cv_f,geom_cues,bp,bp_band,cv,cv_band,sex,sex_conf,sex_source,reliability,tier0_ffmi,tier0_bf,crosscheck
T300,T300.jpg,1.42,13.19,T300,T300,,synthetic_body_only,f,synthetic,body_specific_valence_attractiveness_beauty_harmony,31f7d410aa8329636055043f60301a222a22db22e08ac6526bf82f668d834404,961,1783,,scored,,,,0,clothed→model,9%,full,0.928,,pass,0.0152,6.2,0.0164,43.946,49.86,63.38,78.69,75.57,whr+vTaper+shoulderHip+legTorso+symmetry,7.90,6.93–10.00,7.90,6.93–10.00,unknown,57%,unconfirmed,,,,
T290,T290.jpg,1.51,13.38,T290,T290,,synthetic_body_only,f,synthetic,body_specific_valence_attractiveness_beauty_harmony,e73e3766f0b877c84a0b2bd9247fa6e2ff5f0577a2b3ba3418417c8849038da0,961,1783,,scored,,,,0,clothed→model,9%,full,0.927,,pass,0.0244,19.6,0.0257,44.616,48.03,60.90,77.92,74.57,whr+vTaper+shoulderHip+legTorso+symmetry,7.98,6.96–10.00,7.98,6.96–10.00,unknown,56%,unconfirmed,,,,
T280,T280.jpg,1.49,13.47,T280,T280,,synthetic_body_only,f,synthetic,body_specific_valence_attractiveness_beauty_harmony,8a6aac986dec2da2f4596bdc08d22b02b26a2754376fa8bc049c7b06c3d04243,961,1783,,scored,,,,0,clothed→model,9%,full,0.937,,pass,0.0354,5.8,0.0415,43.007,48.42,61.16,77.85,74.01,whr+vTaper+shoulderHip+legTorso+symmetry,7.80,6.89–10.00,7.80,6.89–10.00,f,,guess,,,,
T270,T270.jpg,1.59,13.77,T270,T270,,synthetic_body_only,f,synthetic,body_specific_valence_attractiveness_beauty_harmony,b5e007fee863f5e868a5896251f77a29435b31bf1326aa0c55a22ac9bfb6c9cb,961,1783,,scored,,,,0,clothed→model,9%,full,0.930,,pass,0.0222,5.5,0.0342,42.491,49.87,62.68,78.86,74.70,whr+vTaper+shoulderHip+legTorso+symmetry,7.70,6.85–10.00,7.70,6.85–10.00,f,,guess,,,,
T260,T260.jpg,1.74,13.86,T260,T260,,synthetic_body_only,f,synthetic,body_specific_valence_attractiveness_beauty_harmony,6e766cd3b563a1a3d653b707c9bd4a9ba80e60ac3908a45240b53c624517d9e2,961,1783,,scored,,,,0,clothed→model,9%,full,0.928,,pass,0.0282,7.0,0.0393,42.267,50.73,63.74,80.61,77.39,whr+vTaper+shoulderHip+legTorso+symmetry,7.66,6.83–10.00,7.66,6.83–10.00,unknown,62%,unconfirmed,,,,
T250,T250.jpg,2.06,14.10,T250,T250,,synthetic_body_only,f,synthetic,body_specific_valence_attractiveness_beauty_harmony,25a42697774088c072890b4db8fb9016078b5863f85e9bef37f329df30e9537e,961,1783,,scored,,,,0,clothed→model,9%,full,0.931,,pass,0.0264,1.5,0.0385,43.587,49.68,62.94,81.47,80.09,whr+vTaper+shoulderHip+legTorso+symmetry,7.86,6.92–10.00,7.86,6.92–10.00,unknown,63%,unconfirmed,,,,
T240,T240.jpg,2.17,14.28,T240,T240,,synthetic_body_only,f,synthetic,body_specific_valence_attractiveness_beauty_harmony,59147a1785cd95198e24eb424f11bbdaa41879c100ef7e77991aa764a3b3e90d,961,1783,,scored,,,,0,clothed→model,9%,full,0.936,,pass,0.0190,0.7,0.0338,42.492,50.13,63.12,80.82,78.32,whr+vTaper+shoulderHip+legTorso+symmetry,7.71,6.85–10.00,7.71,6.85–10.00,unknown,61%,unconfirmed,,,,
T230,T230.jpg,2.33,14.46,T230,T230,,synthetic_body_only,f,synthetic,body_specific_valence_attractiveness_beauty_harmony,b388352d3075f837db6bc60c6bf7a931d6fc67a69dbb2db2fbd3f120b311885d,961,1783,,scored,,,,0,clothed→model,8%,full,0.939,,pass,0.0282,1.9,0.0354,42.496,49.88,62.59,80.48,77.98,whr+vTaper+shoulderHip+legTorso+symmetry,7.71,6.85–10.00,7.71,6.85–10.00,unknown,55%,unconfirmed,,,,
T220,T220.jpg,2.50,14.65,T220,T220,,synthetic_body_only,f,synthetic,body_specific_valence_attractiveness_beauty_harmony,12773b08a8ce4eee41434cc6ef1500291695b9647bf071683404d04db47862fe,961,1783,,scored,,,,0,clothed→model,8%,full,0.940,,pass,0.0276,10.8,0.0337,42.480,50.55,63.11,80.98,79.13,whr+vTaper+shoulderHip+legTorso+symmetry,7.70,6.85–10.00,7.70,6.85–10.00,f,,guess,,,,
T210,T210.jpg,3.08,14.87,T210,T210,,synthetic_body_only,f,synthetic,body_specific_valence_attractiveness_beauty_harmony,a54e3fcdb2118a48f6fc4bfc8fdaffd0b9b98916299a6125a17bfbe5accc2d31,961,1783,,scored,,,,0,clothed→model,8%,full,0.948,,pass,0.0258,0.2,0.0261,39.881,50.84,63.46,81.08,79.09,whr+vTaper+shoulderHip+legTorso+symmetry,7.41,6.69–10.00,7.41,6.69–10.00,f,,guess,,,,
T200,T200.jpg,3.40,15.06,T200,T200,,synthetic_body_only,f,synthetic,body_specific_valence_attractiveness_beauty_harmony,fd2061ee7cb5e483263e52a5c2fd7a2ade376f51954df503bbd085ac7c385fb8,961,1783,,scored,,,,0,clothed→model,7%,full,0.935,,pass,0.0238,4.3,0.0253,37.904,50.93,63.27,80.16,77.52,whr+vTaper+shoulderHip+legTorso+symmetry,7.13,6.52–8.63,7.13,6.52–8.63,f,,guess,,,,
T190,T190.jpg,3.70,15.24,T190,T190,,synthetic_body_only,f,synthetic,body_specific_valence_attractiveness_beauty_harmony,8fd6532cd9d6e021f371d0288eaa0a11dcc4d4b51f0693cf0983853945c2fe07,961,1783,,scored,,,,0,clothed→model,7%,full,0.945,,pass,0.0128,1.2,0.0221,39.361,51.68,63.89,80.23,78.45,whr+vTaper+shoulderHip+legTorso+symmetry,7.38,6.68–10.00,7.38,6.68–10.00,f,,guess,,,,
T180,T180.jpg,3.99,15.49,T180,T180,,synthetic_body_only,f,synthetic,body_specific_valence_attractiveness_beauty_harmony,98ac0a3ef23e4ddbba09f3a5d1111ab3a1e44f2ac6608af3d62600dc2a6d7316,961,1783,,scored,,,,0,clothed→model,6%,full,0.949,,pass,0.0110,1.5,0.0186,39.158,52.52,64.57,79.82,78.08,whr+vTaper+shoulderHip+legTorso+symmetry,7.32,6.65–10.00,7.32,6.65–10.00,f,,guess,,,,
T170,T170.jpg,4.62,15.67,T170,T170,,synthetic_body_only,f,synthetic,body_specific_valence_attractiveness_beauty_harmony,6fe29d558fb66866d308ff8c9fe7bcec2526d1afccf920050aece0cae6cdcde9,961,1783,,scored,,,,0,clothed→model,6%,full,0.946,,pass,0.0103,3.7,0.0181,37.872,52.36,64.60,80.48,78.85,whr+vTaper+shoulderHip+legTorso+symmetry,7.13,6.52–8.63,7.13,6.52–8.63,f,,guess,,,,
T160,T160.jpg,5.07,15.74,T160,T160,,synthetic_body_only,f,synthetic,body_specific_valence_attractiveness_beauty_harmony,88db3b20a7fb1ebcc116c75fb27d5a1efcd2e2dad9485d6a70c04d722333e55d,961,1783,,scored,,,,0,clothed→model,7%,full,0.952,,pass,0.0037,6.9,0.0142,44.418,52.14,64.66,81.49,81.08,whr+vTaper+shoulderHip+legTorso+symmetry,7.96,6.95–10.00,7.96,6.95–10.00,unknown,59%,unconfirmed,,,,
T150,T150.jpg,5.64,16.12,T150,T150,,synthetic_body_only,f,synthetic,body_specific_valence_attractiveness_beauty_harmony,db44da2ee79c39513b8d85091f5a7afc83fd50ded253ff918e13e997a8a5fb98,961,1783,,scored,,,,0,clothed→model,7%,full,0.948,,pass,0.0186,0.4,0.0315,36.979,53.18,65.20,80.15,80.10,whr+vTaper+shoulderHip+legTorso+symmetry,7.09,6.50–8.42,7.09,6.50–8.42,unknown,57%,unconfirmed,,,,
T140,T140.jpg,5.95,16.40,T140,T140,,synthetic_body_only,f,synthetic,body_specific_valence_attractiveness_beauty_harmony,15e666f1161a56bfda6c63cb2919908e819e7e241d4a17b74747e83835dfe101,961,1783,,scored,,,,0,clothed→model,8%,full,0.954,,pass,0.0181,1.4,0.0230,43.758,53.96,65.88,79.42,80.46,whr+vTaper+shoulderHip+legTorso+symmetry,7.88,6.92–10.00,7.88,6.92–10.00,unknown,54%,unconfirmed,,,,
T130,T130.jpg,6.58,16.64,T130,T130,,synthetic_body_only,f,synthetic,body_specific_valence_attractiveness_beauty_harmony,617aa882e6d147ac330f5e09eee689ce036794279761dc1646d5154d0a1be831,961,1783,,scored,,,,0,clothed→model,6%,full,0.949,,pass,0.0061,5.2,0.0089,37.501,53.91,65.87,79.31,80.17,whr+vTaper+shoulderHip+legTorso+symmetry,7.11,6.51–8.53,7.11,6.51–8.53,unknown,58%,unconfirmed,,,,
T120,T120.jpg,6.87,16.81,T120,T120,,synthetic_body_only,f,synthetic,body_specific_valence_attractiveness_beauty_harmony,3bb6dc67a28e0e3fc818260f3d32c54475f020ef9aeb99d54e5dca48f340ad84,961,1783,,scored,,,,0,clothed→model,5%,full,0.949,,pass,0.0070,2.8,0.0143,42.293,54.51,66.07,77.75,78.11,whr+vTaper+shoulderHip+legTorso+symmetry,7.67,6.83–10.00,7.67,6.83–10.00,f,,guess,,,,
T110,T110.jpg,7.26,17.08,T110,T110,,synthetic_body_only,f,synthetic,body_specific_valence_attractiveness_beauty_harmony,08afab528bbebab14b65e876e525ff3399b16be36f86e2030844d30c94988fa8,961,1783,,scored,,,,0,clothed→model,7%,full,0.955,,pass,0.0069,11.5,0.0065,44.135,55.22,66.74,77.09,78.99,whr+vTaper+shoulderHip+legTorso+symmetry,7.92,6.94–10.00,7.92,6.94–10.00,f,75%,model,,,,
T100,T100.jpg,7.42,17.28,T100,T100,,synthetic_body_only,f,synthetic,body_specific_valence_attractiveness_beauty_harmony,3b6e601167ad63768f2fa25b2abc5a6b16b9481d9d321326c9044f3eba2234a9,961,1783,,scored,,,,0,clothed→model,5%,full,0.948,,pass,0.0072,7.2,0.0090,42.149,54.64,66.32,78.01,79.29,whr+vTaper+shoulderHip+legTorso+symmetry,7.62,6.81–10.00,7.62,6.81–10.00,unknown,55%,unconfirmed,,,,
T090,T090.jpg,7.47,17.56,T090,T090,,synthetic_body_only,f,synthetic,body_specific_valence_attractiveness_beauty_harmony,48633c95e5f414490e48df5cca984bb2e574bc0adbb662de708fe6f8e04bf75d,961,1783,,scored,,,,0,clothed→model,5%,full,0.961,,pass,0.0096,8.1,0.0083,41.803,55.28,66.65,76.55,77.89,whr+vTaper+shoulderHip+legTorso+symmetry,7.55,6.77–10.00,7.55,6.77–10.00,f,,guess,,,,
T080,T080.jpg,7.55,17.77,T080,T080,,synthetic_body_only,f,synthetic,body_specific_valence_attractiveness_beauty_harmony,6c25ab9f44d3649236503550be237dff5472ebaed1cc3fb26330844e046494ee,961,1783,,scored,,,,0,clothed→model,5%,full,0.962,,pass,0.0065,11.1,0.0121,42.634,56.30,67.37,74.98,77.60,whr+vTaper+shoulderHip+legTorso+symmetry,7.73,6.86–10.00,7.73,6.86–10.00,unknown,55%,unconfirmed,,,,
T070,T070.jpg,7.94,18.01,T070,T070,,synthetic_body_only,f,synthetic,body_specific_valence_attractiveness_beauty_harmony,cdb58a76dc8d4defac0dcf338c02b563bc309bdb720989c737f4ad9a6e64dc4b,961,1783,,scored,,,,0,clothed→model,4%,full,0.964,,pass,0.0050,12.5,0.0130,37.886,56.02,67.17,75.66,77.13,whr+vTaper+shoulderHip+legTorso+symmetry,7.13,6.52–8.63,7.13,6.52–8.63,unknown,59%,unconfirmed,,,,
T060,T060.jpg,8.03,18.26,T060,T060,,synthetic_body_only,f,synthetic,body_specific_valence_attractiveness_beauty_harmony,6253ab703ce42750d89a3ce35c740fa9c719f736252f01186d50b4ea2a8ccf45,961,1783,,scored,,,,0,clothed→model,4%,full,0.963,,pass,0.0096,13.4,0.0115,37.777,57.14,67.88,73.42,76.35,whr+vTaper+shoulderHip+legTorso+symmetry,7.12,6.52–8.60,7.12,6.52–8.60,unknown,53%,unconfirmed,,,,
T050,T050.jpg,7.97,18.50,T050,T050,,synthetic_body_only,f,synthetic,body_specific_valence_attractiveness_beauty_harmony,62af5c16c8e2fc0b3368eac17262a1eef9cfad5993d7c0b2eb81b65308eea057,961,1783,,scored,,,,0,clothed→model,4%,full,0.969,,pass,0.0070,9.4,0.0165,39.704,56.56,67.47,74.22,77.42,whr+vTaper+shoulderHip+legTorso+symmetry,7.40,6.69–10.00,7.40,6.69–10.00,unknown,59%,unconfirmed,,,,
T040,T040.jpg,8.29,18.77,T040,T040,,synthetic_body_only,f,synthetic,body_specific_valence_attractiveness_beauty_harmony,5ac0432ba7fac4d94e3b524b52974f60ba1bae3bd32d9d8cab504efb6166b4b6,961,1783,,scored,,,,0,clothed→model,3%,full,0.971,,pass,0.0097,13.6,0.0098,39.748,56.91,67.69,73.50,76.55,whr+vTaper+shoulderHip+legTorso+symmetry,7.40,6.69–10.00,7.40,6.69–10.00,unknown,59%,unconfirmed,,,,
T030,T030.jpg,8.18,19.10,T030,T030,,synthetic_body_only,f,synthetic,body_specific_valence_attractiveness_beauty_harmony,3c3d0b50b6b81e8a2cae07961b98ea9f079b8310c047b5bfd76b5b7de3186743,961,1783,,scored,,,,0,clothed→model,4%,full,0.971,,pass,0.0048,10.5,0.0136,41.157,58.28,68.65,71.88,74.75,whr+vTaper+shoulderHip+legTorso+symmetry,7.47,6.73–10.00,7.47,6.73–10.00,unknown,55%,unconfirmed,,,,
T020,T020.jpg,8.23,19.30,T020,T020,,synthetic_body_only,f,synthetic,body_specific_valence_attractiveness_beauty_harmony,3a9e890b5cf3bfb373028cff33a26eb78cc35fe787ad466a623a015f72506028,961,1783,,scored,,,,0,clothed→model,3%,full,0.971,,pass,0.0112,5.5,0.0132,41.790,58.04,68.30,71.10,75.09,whr+vTaper+shoulderHip+legTorso+symmetry,7.55,6.77–10.00,7.55,6.77–10.00,unknown,54%,unconfirmed,,,,
T010,T010.jpg,8.11,19.61,T010,T010,,synthetic_body_only,f,synthetic,body_specific_valence_attractiveness_beauty_harmony,52d3f11d364441f5e57d23f55b5ae6f1c24e8e0289d8a3513eaaf238a1c90d52,961,1783,,scored,,,,0,clothed→model,2%,full,0.969,,pass,0.0098,10.3,0.0128,39.001,58.27,68.41,70.60,74.51,whr+vTaper+shoulderHip+legTorso+symmetry,7.28,6.62–10.00,7.28,6.62–10.00,unknown,55%,unconfirmed,,,,
N000,N000.jpg,8.19,19.79,N000,N000,,synthetic_body_only,f,synthetic,body_specific_valence_attractiveness_beauty_harmony,0e8f35cb9665640b1b8fbb6f584a58584832bb9b3fc8ec584d47ef0de3c12bd5,961,1783,,scored,,,,0,clothed→model,3%,full,0.971,,pass,0.0067,8.5,0.0314,41.090,58.89,68.87,70.57,73.71,whr+vTaper+shoulderHip+legTorso+symmetry,7.47,6.73–10.00,7.47,6.73–10.00,unknown,70%,unconfirmed,,,,
H010,H010.jpg,7.89,21.55,H010,H010,,synthetic_body_only,f,synthetic,body_specific_valence_attractiveness_beauty_harmony,7afd888bfc55b1879b787776e80dc49a7e6da4266404318e55aa9f1dcae86e03,961,1783,,scored,,,,0,clothed→model,0%,full,0.971,,pass,0.0048,8.3,0.0238,39.873,54.99,66.19,74.94,79.11,whr+vTaper+shoulderHip+legTorso+symmetry,7.41,6.69–10.00,7.41,6.69–10.00,unknown,55%,unconfirmed,,,,
H020,H020.jpg,7.24,23.35,H020,H020,,synthetic_body_only,f,synthetic,body_specific_valence_attractiveness_beauty_harmony,0f99717b7a9a9a00d50d9bc74086a71767b691cc8dbb41c599649b1a66d59fd1,961,1783,,scored,,,,0,clothed→model,0%,full,0.971,,pass,0.0092,6.4,0.0142,37.301,51.49,63.67,76.14,80.75,whr+vTaper+shoulderHip+legTorso+symmetry,7.10,6.51–8.49,7.10,6.51–8.49,unknown,63%,unconfirmed,,,,
H030,H030.jpg,6.57,25.37,H030,H030,,synthetic_body_only,f,synthetic,body_specific_valence_attractiveness_beauty_harmony,50cc8926bbae834468473c8c1f8c6a28b7d93e210bb25820af0b1a6d05a36703,961,1783,,scored,,,,0,clothed→model,0%,full,0.969,,pass,0.0100,18.0,0.0185,37.279,48.87,61.88,78.85,82.10,whr+vTaper+shoulderHip+legTorso+symmetry,7.10,6.50–8.48,7.10,6.50–8.48,unknown,54%,unconfirmed,,,,
H040,H040.jpg,5.93,27.37,H040,H040,,synthetic_body_only,f,synthetic,body_specific_valence_attractiveness_beauty_harmony,fb4449f89a672d7ac658311e97b97fc1f8581da245628b1ba5281b477e9dcdc1,961,1783,,scored,,,,0,clothed→model,0%,full,0.972,,pass,0.0182,10.5,0.0183,37.614,46.02,59.36,75.25,76.88,whr+vTaper+shoulderHip+legTorso+symmetry,7.11,6.51–8.56,7.11,6.51–8.56,unknown,66%,unconfirmed,,,,
H050,H050.jpg,5.50,29.57,H050,H050,,synthetic_body_only,f,synthetic,body_specific_valence_attractiveness_beauty_harmony,da923a445d40ce604cb24827e4dc7cdd27fa635deabf423d463db12eaa177806,961,1783,,scored,,,,0,clothed→model,0%,full,0.972,,pass,0.0074,11.9,0.0072,39.323,44.40,58.31,74.58,75.28,whr+vTaper+shoulderHip+legTorso+symmetry,7.38,6.68–10.00,7.38,6.68–10.00,unknown,67%,unconfirmed,,,,
H060,H060.jpg,4.86,31.84,H060,H060,,synthetic_body_only,f,synthetic,body_specific_valence_attractiveness_beauty_harmony,6dcd41a4ab3ac70efbd6590d292fd9aba501d7ed9820129b48689a4200b46803,961,1783,,scored,,,,0,clothed→model,0%,full,0.975,,pass,0.0122,2.4,0.0186,37.594,41.25,55.12,67.70,65.84,whr+vTaper+shoulderHip+legTorso+symmetry,7.11,6.51–8.56,7.11,6.51–8.56,unknown,64%,unconfirmed,"an arm is by your waist, which can widen the silhouette — stand with arms slightly out",,,
H070,H070.jpg,4.53,34.13,H070,H070,,synthetic_body_only,f,synthetic,body_specific_valence_attractiveness_beauty_harmony,fc1e84ca7c2b2cd2e44437173b9a22680c6dc6ea51591f1aa411e7a1be569450,961,1783,,scored,,,,0,clothed→model,0%,full,0.979,,pass,0.0036,8.3,0.0148,38.765,39.59,56.40,48.28,63.34,whr+vTaper+shoulderHip+legTorso+symmetry,7.24,6.60–10.00,7.24,6.60–10.00,unknown,63%,unconfirmed,"an arm is by your waist, which can widen the silhouette — stand with arms slightly out",,,
H080,H080.jpg,4.29,36.58,H080,H080,,synthetic_body_only,f,synthetic,body_specific_valence_attractiveness_beauty_harmony,947ed9b80b6221ac1d84aac54ca70ceb780e39f934e7686b40e1c26c6162b45b,961,1783,,scored,,,,0,clothed→model,0%,full,0.973,,pass,0.0101,0.9,0.0126,36.700,37.43,53.94,41.87,55.55,whr+vTaper+shoulderHip+legTorso+symmetry,7.07,6.49–8.36,7.07,6.49–8.36,unknown,67%,unconfirmed,,,,
H090,H090.jpg,3.72,39.10,H090,H090,,synthetic_body_only,f,synthetic,body_specific_valence_attractiveness_beauty_harmony,d1a877343d29107b4c2c71399d8335576f05135f23e62862c2b30cabe2c4d549,961,1783,,scored,,,,0,clothed→model,0%,full,0.977,,pass,0.0208,8.1,0.0162,39.429,38.07,55.88,39.17,55.47,whr+vTaper+shoulderHip+legTorso+symmetry,7.38,6.68–10.00,7.38,6.68–10.00,unknown,64%,unconfirmed,,,,
H100,H100.jpg,3.46,41.76,H100,H100,,synthetic_body_only,f,synthetic,body_specific_valence_attractiveness_beauty_harmony,466323de478894f722dcffc19ad4ea257246903164d0bc2df2aa48131806f4c5,961,1783,,scored,,,,0,clothed→model,0%,full,0.974,,pass,0.0139,9.2,0.0150,38.876,36.36,53.60,37.81,54.53,whr+vTaper+shoulderHip+legTorso+symmetry,7.26,6.61–10.00,7.26,6.61–10.00,unknown,63%,unconfirmed,,,,
H110,H110.jpg,3.22,44.55,H110,H110,,synthetic_body_only,f,synthetic,body_specific_valence_attractiveness_beauty_harmony,912e62f34dda5e143e3603e332e77c7cb6038dcba66d12efa274d1a0001a5e18,961,1783,,scored,,,,0,clothed→model,0%,full,0.970,,pass,0.0109,15.2,0.0076,38.849,29.55,42.59,21.05,26.87,whr+vTaper+shoulderHip+legTorso+symmetry,7.25,6.60–10.00,7.25,6.60–10.00,unknown,62%,unconfirmed,,,,
H120,H120.jpg,2.97,47.37,H120,H120,,synthetic_body_only,f,synthetic,body_specific_valence_attractiveness_beauty_harmony,aaa5dc3f64691ddc84500697ae6a14b3d57053078e230b550340c550fb76eb04,961,1783,,scored,,,,0,clothed→model,0%,full,0.973,,pass,0.0153,8.6,0.0163,38.621,28.36,40.38,20.84,26.41,whr+vTaper+shoulderHip+legTorso+symmetry,7.22,6.58–10.00,7.22,6.58–10.00,unknown,66%,unconfirmed,"an arm is by your waist, which can widen the silhouette — stand with arms slightly out",,,
H130,H130.jpg,2.93,50.23,H130,H130,,synthetic_body_only,f,synthetic,body_specific_valence_attractiveness_beauty_harmony,87521bc6821e96f3d17914f073a548c9d1e170a3ca1fb99d71981a5436e1a782,961,1783,,scored,,,,0,clothed→model,0%,full,0.974,,pass,0.0039,2.6,0.0101,37.665,27.78,39.41,20.79,26.30,whr+vTaper+shoulderHip+legTorso+symmetry,7.12,6.52–8.57,7.12,6.52–8.57,unknown,62%,unconfirmed,"an arm is by your waist, which can widen the silhouette — stand with arms slightly out",,,
H140,H140.jpg,2.64,53.21,H140,H140,,synthetic_body_only,f,synthetic,body_specific_valence_attractiveness_beauty_harmony,b531b54115377b0df48d35d4707f4702bebc96186dd323cdae451e0c11cf5cd2,961,1783,,scored,,,,0,clothed→model,0%,full,0.972,,pass,0.0022,2.6,0.0143,39.572,28.10,39.91,20.86,26.42,whr+vTaper+shoulderHip+legTorso+symmetry,7.39,6.69–10.00,7.39,6.69–10.00,unknown,67%,unconfirmed,,,,
H150,H150.jpg,2.51,56.26,H150,H150,,synthetic_body_only,f,synthetic,body_specific_valence_attractiveness_beauty_harmony,cf68220b2b8ee35872ce0080db14a71da543473829bb4ae0929896985fe28a93,961,1783,,scored,,,,0,clothed→model,0%,full,0.981,,pass,0.0127,1.7,0.0107,39.476,27.65,39.08,20.95,26.46,whr+vTaper+shoulderHip+legTorso+symmetry,7.39,6.68–10.00,7.39,6.68–10.00,unknown,53%,unconfirmed,,,,
H160,H160.jpg,2.30,59.31,H160,H160,,synthetic_body_only,f,synthetic,body_specific_valence_attractiveness_beauty_harmony,9bbfa2eee3d89dcfba87828868471431a32dcc9ba4af07f1692ab59e7b610a4d,961,1783,,scored,,,,0,clothed→model,0%,full,0.974,,pass,0.0121,1.8,0.0123,39.751,27.02,38.09,20.81,26.14,whr+vTaper+shoulderHip+legTorso+symmetry,7.40,6.69–10.00,7.40,6.69–10.00,unknown,52%,unconfirmed,,,,
H170,H170.jpg,2.08,62.64,H170,H170,,synthetic_body_only,f,synthetic,body_specific_valence_attractiveness_beauty_harmony,b5d07b747f9eada1cb10fda6fa23d18d0a4302118c52526763e66165ff72dbf1,961,1783,,scored,,,,0,clothed→model,0%,full,0.981,,pass,0.0181,5.5,0.0320,39.400,26.53,37.20,20.81,25.85,whr+vTaper+shoulderHip+legTorso+symmetry,7.38,6.68–10.00,7.38,6.68–10.00,f,,guess,,,,
H180,H180.jpg,2.08,66.04,H180,H180,,synthetic_body_only,f,synthetic,body_specific_valence_attractiveness_beauty_harmony,1a7f10bee91e9e80f075750b1282d931dcc63fc6b320f7a7d3176e49287bd461,961,1783,,scored,,,,0,clothed→model,0%,full,0.964,,pass,0.0346,1.8,0.0241,38.965,26.57,37.26,21.00,26.02,whr+vTaper+shoulderHip+legTorso+symmetry,7.27,6.62–10.00,7.27,6.62–10.00,f,,guess,,,,
H190,H190.jpg,1.76,69.56,H190,H190,,synthetic_body_only,f,synthetic,body_specific_valence_attractiveness_beauty_harmony,d51e2b4ddf3c301077da04e5e4f6a4bb0b58530b5bcff1427f13779b1980ecd4,961,1783,,refused,This body is too side-on for frontal width ratios. Use a front-facing photo.,pose-quality:profile,This body is too side-on for frontal width ratios. Use a front-facing photo.,0,,,,,,profile,,,,,,,,,,,,,,,,,,,,
H200,H200.jpg,1.80,73.30,H200,H200,,synthetic_body_only,f,synthetic,body_specific_valence_attractiveness_beauty_harmony,7cd201d597a1a76d185d9848ceff4d2e41019066558601170786e06244b19fca,961,1783,,refused,This body is too side-on for frontal width ratios. Use a front-facing photo.,pose-quality:profile,This body is too side-on for frontal width ratios. Use a front-facing photo.,0,,,,,,profile,,,,,,,,,,,,,,,,,,,,
H210,H210.jpg,1.68,76.95,H210,H210,,synthetic_body_only,f,synthetic,body_specific_valence_attractiveness_beauty_harmony,90a76e34fc67c20620d9e28a53037e6ab5ccba2c499c7ab0d5183802eeef7ca1,961,1783,,scored,,waist-occluded,,0,clothed→model,0%,full,0.956,,pass,0.1191,2.1,0.1245,37.838,14.42,21.13,18.13,23.55,shoulderHip+legTorso+symmetry,7.12,6.52–8.62,7.12,6.52–8.62,unknown,70%,unconfirmed,"an arm covered part of your waist or hips, so that cue was skipped — arms a few inches out reads the full frame",,,
H220,H220.jpg,1.55,80.98,H220,H220,,synthetic_body_only,f,synthetic,body_specific_valence_attractiveness_beauty_harmony,a5a10d9b4c7d6be6180b5e6312cc6ae967e33757679d88c2071a6b9d455f506e,961,1783,,scored,,waist-occluded,,0,clothed→model,0%,full,0.943,,pass,0.0456,21.9,0.0612,39.125,32.33,43.68,33.78,44.63,shoulderHip+legTorso+symmetry,7.31,6.64–10.00,7.31,6.64–10.00,f,95%,model,"an arm covered part of your waist or hips, so that cue was skipped — arms a few inches out reads the full frame",,,
H230,H230.jpg,1.48,85.49,H230,H230,,synthetic_body_only,f,synthetic,body_specific_valence_attractiveness_beauty_harmony,372560b4e33d049f88869545ad117a26ddc457dc1184087ad3f211072d9b092f,961,1783,,scored,,waist-occluded,,0,clothed→model,0%,full,0.941,,pass,0.0210,11.1,0.0358,36.801,85.02,79.54,85.02,79.54,legTorso+symmetry,7.08,6.49–8.39,7.08,6.49–8.39,unknown,52%,unconfirmed,"an arm covered part of your waist or hips, so that cue was skipped — arms a few inches out reads the full frame",,,
H240,H240.jpg,1.51,89.89,H240,H240,,synthetic_body_only,f,synthetic,body_specific_valence_attractiveness_beauty_harmony,c4f1d0aac4489afdcc3b998510d5fa4bde48779fe636385c87ddf74ceb9d1760,961,1783,,scored,,waist-occluded,,0,clothed→model,0%,full,0.852,,pass,0.0449,6.2,0.0677,37.289,84.25,78.30,84.25,78.30,legTorso+symmetry,7.10,6.50–8.49,7.10,6.50–8.49,unknown,67%,unconfirmed,"an arm covered part of your waist or hips, so that cue was skipped — arms a few inches out reads the full frame",,,
H250,H250.jpg,1.37,94.40,H250,H250,,synthetic_body_only,f,synthetic,body_specific_valence_attractiveness_beauty_harmony,eb88153400e18869335c4a19cb8cb097929aff9125654086aa95f6be490b2b1d,961,1783,,refused,This body is too side-on for frontal width ratios. Use a front-facing photo.,pose-quality:profile,This body is too side-on for frontal width ratios. Use a front-facing photo.,0,,,,,,profile,,,,,,,,,,,,,,,,,,,,
H260,H260.jpg,1.27,99.27,H260,H260,,synthetic_body_only,f,synthetic,body_specific_valence_attractiveness_beauty_harmony,ee27b45c30697a218c7bcaedc76ee50c2fd71cf2d2e830d585602c396250698f,961,1783,,refused,"No body found — use a clear, full-body, front-facing photo.",no-body,,0,,,,,,,,,,,,,,,,,,,,,,,,,,
H270,H270.jpg,1.34,104.40,H270,H270,,synthetic_body_only,f,synthetic,body_specific_valence_attractiveness_beauty_harmony,62b6b6f8332efea19c0f373b2ba9141b93540b8d87a0b39e6aa37c681fefb979,961,1783,,refused,"No body found — use a clear, full-body, front-facing photo.",no-body,,0,,,,,,,,,,,,,,,,,,,,,,,,,,
H280,H280.jpg,1.24,109.45,H280,H280,,synthetic_body_only,f,synthetic,body_specific_valence_attractiveness_beauty_harmony,c136bba9498786691c0e20c898b44b546f37309b25775c37e104aaf2424bbe14,961,1783,,refused,"No body found — use a clear, full-body, front-facing photo.",no-body,,0,,,,,,,,,,,,,,,,,,,,,,,,,,
H290,H290.jpg,1.26,114.82,H290,H290,,synthetic_body_only,f,synthetic,body_specific_valence_attractiveness_beauty_harmony,f112299f610aa9416a25382c2220abe0577323c1d4eda23f7fc7d80bbc57849e,961,1783,,refused,"No body found — use a clear, full-body, front-facing photo.",no-body,,0,,,,,,,,,,,,,,,,,,,,,,,,,,
H300,H300.jpg,1.17,120.29,H300,H300,,synthetic_body_only,f,synthetic,body_specific_valence_attractiveness_beauty_harmony,659a7715fb0cf0d4a1448535643247a5bd770a3216075ce9d41bbcbab56c71f5,961,1783,,refused,"No body found — use a clear, full-body, front-facing photo.",no-body,,0,,,,,,,,,,,,,,,,,,,,,,,,,,
