image_id,source_image_id,transform,transform_family,label_quartile,baseline_outcome,outcome,refusal,cause,current_route,current_sex,crop_side_px,crop_padding_fraction,crop_outside,crop_padding_delta,current_framing,current_cues,current_score_form,current_interval_width,current_continuous,current_public,current_delta,current_public_changed,route_transition,candidate_raw,candidate_continuous,candidate_public,candidate_delta,candidate_public_changed,candidate_letterbox_fraction
T290__original,T290,original,control,1,scored,scored,,,clothed→model,unknown,1900.5563,0.52733519,true,0.0,full,whr+vTaper+shoulderHip+legTorso+symmetry,scalar,0.0,7.98,8.0,0.0,False,False,42.87713623046875,7.7758270946314205,8.0,0.0,False,0.46102075154234434
T290__mirror,T290,mirror,mirror,1,scored,scored,,,clothed→model,f,1931.9505,0.54092595,true,0.013590760000000035,full,whr+vTaper+shoulderHip+legTorso+symmetry,scalar,0.0,7.81,8.0,-0.17000000000000082,False,False,44.96049118041992,8.029365013990947,8.0,0.25353791935952685,False,0.46102075154234434
T290__crop_center_10,T290,crop_center_10,crop,1,scored,refused,"No body found — use a clear, full-body, front-facing photo.",no-body,refused,unknown,,,,,unknown,none,none,,,,,,True,43.690914154052734,7.8732749759014,8.0,0.0974478812699795,False,0.46110721793973375
T290__crop_legs_20,T290,crop_legs_20,crop,1,scored,scored,,,clothed→geometry,f,1639.9000,0.49042492,true,-0.03691026999999997,torso,whr+vTaper+shoulderHip,scalar,0.0,7.28,7.5,-0.7000000000000002,True,True,40.2886962890625,7.4261194411617915,7.5,-0.34970765346962907,True,0.32608695652173914
T290__pad_wide_black,T290,pad_wide_black,padding_aspect,1,scored,scored,,,clothed→model,unknown,1910.0290,0.34265451,true,-0.18468067999999993,full,whr+vTaper+shoulderHip+legTorso+symmetry,scalar,0.0,7.8,8.0,-0.1800000000000006,False,False,42.846336364746094,7.76995868282497,8.0,-0.005868411806450702,False,0.2456533931575996
T290__pad_tall_black,T290,pad_tall_black,padding_aspect,1,scored,scored,,,clothed→model,f,1940.1246,0.50467099,true,-0.022664199999999912,full,whr+vTaper+shoulderHip+legTorso+symmetry,scalar,0.0,7.94,8.0,-0.040000000000000036,False,False,49.14250946044922,8.795991777719243,9.0,1.0201646830878222,True,0.58541846419327
T290__canvas_light_gray,T290,canvas_light_gray,background_canvas,1,scored,scored,,,clothed→model,unknown,1952.2233,0.38480397,true,-0.14253121999999996,full,whr+vTaper+shoulderHip+legTorso+symmetry,scalar,0.0,8.02,8.0,0.03999999999999915,False,False,44.91724395751953,8.023338626778749,8.0,0.24751153214732824,False,0.4611933602512337
T290__aspect_squeeze_80,T290,aspect_squeeze_80,padding_aspect,1,scored,scored,,,clothed→model,unknown,1653.7229,0.55700679,true,0.02967160000000002,full,whr+vTaper+shoulderHip+legTorso+symmetry,scalar,0.0,8.25,8.0,0.2699999999999996,False,False,50.19425582885742,8.871930741962492,9.0,1.0961036473310717,True,0.5687044307347168
T290__resolution_256,T290,resolution_256,resolution,1,scored,scored,,,clothed→model,f,265.9284,0.51490704,true,-0.012428149999999971,full,whr+vTaper+shoulderHip+legTorso+symmetry,scalar,0.0,7.88,8.0,-0.10000000000000053,False,False,41.636268615722656,7.5291410387991995,7.5,-0.24668605583222103,True,0.4609375
T290__brightness_70,T290,brightness_70,lighting,1,scored,scored,,,clothed→model,f,1905.9727,0.52867840,true,0.001343210000000039,full,whr+vTaper+shoulderHip+legTorso+symmetry,scalar,0.0,8.16,8.0,0.17999999999999972,False,False,45.23528289794922,8.068797189673328,8.0,0.2929700950419072,False,0.46102075154234434
T290__brightness_130,T290,brightness_130,lighting,1,scored,scored,,,clothed→model,unknown,1870.7301,0.51979921,true,-0.007535979999999998,full,whr+vTaper+shoulderHip+legTorso+symmetry,scalar,0.0,7.88,8.0,-0.10000000000000053,False,False,44.24647521972656,7.936167561101314,8.0,0.16034046646989353,False,0.46102075154234434
T290__contrast_70,T290,contrast_70,lighting,1,scored,scored,,,clothed→model,f,1904.5811,0.52833404,true,0.0009988499999999956,full,whr+vTaper+shoulderHip+legTorso+symmetry,scalar,0.0,7.99,8.0,0.009999999999999787,False,False,44.54252243041992,7.972981181317489,8.0,0.19715408668606837,False,0.46102075154234434
T290__contrast_130,T290,contrast_130,lighting,1,scored,scored,,,clothed→model,unknown,1841.4735,0.51216996,true,-0.015165229999999918,full,whr+vTaper+shoulderHip+legTorso+symmetry,scalar,0.0,7.53,7.5,-0.4500000000000002,True,False,42.55601501464844,7.716505990317365,7.5,-0.059321104314055795,True,0.46102075154234434
T290__side_lighting,T290,side_lighting,lighting,1,scored,scored,,,clothed→model,f,1891.3563,0.52503605,true,-0.0022991399999999773,full,whr+vTaper+shoulderHip+legTorso+symmetry,scalar,0.0,7.82,8.0,-0.16000000000000014,False,False,41.79387664794922,7.54808185954624,7.5,-0.2277452350851803,True,0.46102075154234434
T290__jpeg_q35,T290,jpeg_q35,jpeg,1,scored,scored,,,clothed→model,unknown,1899.6881,0.52711916,true,-0.00021602999999992267,full,whr+vTaper+shoulderHip+legTorso+symmetry,scalar,0.0,7.94,8.0,-0.040000000000000036,False,False,42.61075973510742,7.726338964270054,7.5,-0.049488130361366345,True,0.46102075154234434
T290__rotate_3,T290,rotate_3,rotation_camera_like,1,scored,refused,This body is too side-on for frontal width ratios. Use a front-facing photo.,pose-quality:profile,refused,unknown,,,,,unknown,none,none,,,,,,True,42.75261306762695,7.752342299942434,8.0,-0.023484794688986455,False,0.46102075154234434
T290__perspective_mild,T290,perspective_mild,rotation_camera_like,1,scored,scored,,,clothed→model,f,1919.3816,0.53489388,true,0.00755869000000009,full,whr+vTaper+shoulderHip+legTorso+symmetry,scalar,0.0,7.83,8.0,-0.15000000000000036,False,False,43.38418960571289,7.840507932883102,8.0,0.06468083825168147,False,0.46102075154234434
T290__gaussian_blur_1_5,T290,gaussian_blur_1_5,rotation_camera_like,1,scored,scored,,,clothed→model,f,1908.2967,0.52947478,true,0.00213959000000008,full,whr+vTaper+shoulderHip+legTorso+symmetry,scalar,0.0,7.77,8.0,-0.21000000000000085,False,False,42.897586822509766,7.779745822519908,8.0,0.003918727888487794,False,0.46102075154234434
H260__original,H260,original,control,1,refused,refused,"No body found — use a clear, full-body, front-facing photo.",no-body,refused,unknown,,,,,unknown,none,none,,,,,,False,35.96537399291992,6.990543748345409,7.0,0.0,False,0.46102075154234434
H260__mirror,H260,mirror,mirror,1,refused,refused,This body is too side-on for frontal width ratios. Use a front-facing photo.,pose-quality:profile,refused,unknown,,,,,unknown,none,none,,,,,,False,34.88313293457031,6.889658149757954,7.0,-0.10088559858745505,False,0.46102075154234434
H260__crop_center_10,H260,crop_center_10,crop,1,refused,refused,"No body found — use a clear, full-body, front-facing photo.",no-body,refused,unknown,,,,,unknown,none,none,,,,,,False,37.1871452331543,7.096148479055398,7.0,0.10560473070998899,False,0.46110721793973375
H260__crop_legs_20,H260,crop_legs_20,crop,1,refused,scored,,,clothed→geometry,m,1415.7737,0.36548752,true,,torso,whr+vTaper+shoulderHip,scalar,0.0,3.56,3.5,,,True,36.581764221191406,7.059273152010126,7.0,0.06872940366471703,False,0.32608695652173914
H260__pad_wide_black,H260,pad_wide_black,padding_aspect,1,refused,scored,,waist-occluded,clothed→model,f,1924.5322,0.35252458,true,,full,shoulderHip+legTorso+symmetry,scalar,0.0,6.95,7.0,,,True,35.93769073486328,6.9875795094242505,7.0,-0.002964238921158824,False,0.2456533931575996
H260__pad_tall_black,H260,pad_tall_black,padding_aspect,1,refused,scored,,waist-occluded,clothed→model,f,1901.7447,0.49467455,true,,full,legTorso+symmetry,scalar,0.0,6.85,7.0,,,True,39.50126647949219,7.387770898820477,7.5,0.39722715047506796,True,0.58541846419327
H260__canvas_light_gray,H260,canvas_light_gray,background_canvas,1,refused,refused,This body is too side-on for frontal width ratios. Use a front-facing photo.,pose-quality:profile,refused,unknown,,,,,unknown,none,none,,,,,,False,34.58483123779297,6.864936419459899,7.0,-0.1256073288855104,False,0.4611933602512337
H260__aspect_squeeze_80,H260,aspect_squeeze_80,padding_aspect,1,refused,scored,,,clothed→geometry,f,2004.1800,0.65864660,true,,torso,vTaper,scalar,0.0,2.94,3.0,,,True,38.38349151611328,7.1615556273323415,7.0,0.17101187898693215,False,0.5687044307347168
H260__resolution_256,H260,resolution_256,resolution,1,refused,refused,This body is too side-on for frontal width ratios. Use a front-facing photo.,pose-quality:profile,refused,unknown,,,,,unknown,none,none,,,,,,False,36.353485107421875,7.033226526263424,7.0,0.04268277791801456,False,0.4609375
H260__brightness_70,H260,brightness_70,lighting,1,refused,refused,"No body found — use a clear, full-body, front-facing photo.",no-body,refused,unknown,,,,,unknown,none,none,,,,,,False,36.63648986816406,7.065598027898423,7.0,0.07505427955301336,False,0.46102075154234434
H260__brightness_130,H260,brightness_130,lighting,1,refused,refused,This body is too side-on for frontal width ratios. Use a front-facing photo.,pose-quality:profile,refused,unknown,,,,,unknown,none,none,,,,,,False,35.730674743652344,6.965620889949883,7.0,-0.024922858395526326,False,0.46102075154234434
H260__contrast_70,H260,contrast_70,lighting,1,refused,refused,"No body found — use a clear, full-body, front-facing photo.",no-body,refused,unknown,,,,,unknown,none,none,,,,,,False,37.107696533203125,7.09276036324849,7.0,0.10221661490308076,False,0.46102075154234434
H260__contrast_130,H260,contrast_130,lighting,1,refused,refused,"No body found — use a clear, full-body, front-facing photo.",no-body,refused,unknown,,,,,unknown,none,none,,,,,,False,35.7813835144043,6.970966220222614,7.0,-0.01957752812279523,False,0.46102075154234434
H260__side_lighting,H260,side_lighting,lighting,1,refused,refused,"No body found — use a clear, full-body, front-facing photo.",no-body,refused,unknown,,,,,unknown,none,none,,,,,,False,35.59288787841797,6.951203219733458,7.0,-0.0393405286119517,False,0.46102075154234434
H260__jpeg_q35,H260,jpeg_q35,jpeg,1,refused,scored,,waist-occluded,clothed→model,unknown,1868.2399,0.50908142,true,,full,legTorso+symmetry,scalar,0.0,7.24,7.0,,,True,36.17228698730469,7.012923578268884,7.0,0.02237982992347476,False,0.46102075154234434
H260__rotate_3,H260,rotate_3,rotation_camera_like,1,refused,scored,,,clothed→model,unknown,1774.3668,0.47836407,true,,full,vTaper+legTorso+symmetry,scalar,0.0,6.93,7.0,,,True,36.76472473144531,7.078240091719016,7.0,0.08769634337360621,False,0.46102075154234434
H260__perspective_mild,H260,perspective_mild,rotation_camera_like,1,refused,refused,This body is too side-on for frontal width ratios. Use a front-facing photo.,pose-quality:profile,refused,unknown,,,,,unknown,none,none,,,,,,False,36.78471755981445,7.0790818619665945,7.0,0.08853811362118513,False,0.46102075154234434
H260__gaussian_blur_1_5,H260,gaussian_blur_1_5,rotation_camera_like,1,refused,refused,This body is too side-on for frontal width ratios. Use a front-facing photo.,pose-quality:profile,refused,unknown,,,,,unknown,none,none,,,,,,False,35.80158233642578,6.973101407346232,7.0,-0.017442340999177297,False,0.46102075154234434
H230__original,H230,original,control,1,scored,scored,,waist-occluded,clothed→model,unknown,1929.2555,0.53964249,true,0.0,full,legTorso+symmetry,scalar,0.0,7.08,7.0,0.0,False,False,38.820430755615234,7.2482800481238705,7.0,0.0,False,0.46102075154234434
H230__mirror,H230,mirror,mirror,1,scored,scored,,waist-occluded,clothed→model,f,1938.4788,0.54401284,true,0.004370350000000078,full,legTorso+symmetry,scalar,0.0,7.2,7.0,0.1200000000000001,False,False,36.98347854614258,7.0874816630843975,7.0,-0.16079838503947297,False,0.46102075154234434
H230__crop_center_10,H230,crop_center_10,crop,1,scored,refused,"No body found — use a clear, full-body, front-facing photo.",no-body,refused,unknown,,,,,unknown,none,none,,,,,,True,40.09180450439453,7.416395426062679,7.5,0.16811537793880849,True,0.46110721793973375
H230__crop_legs_20,H230,crop_legs_20,crop,1,scored,scored,,,clothed→geometry,f,1453.1377,0.38180249,true,-0.15783999999999998,torso,vTaper,scalar,0.0,2.99,3.0,-4.09,True,True,36.86383819580078,7.0824187405271015,7.0,-0.16586130759676898,False,0.32608695652173914
H230__pad_wide_black,H230,pad_wide_black,padding_aspect,1,scored,scored,,waist-occluded,clothed→model,f,1946.3051,0.36692989,true,-0.1727126,full,shoulderHip+legTorso+symmetry,scalar,0.0,7.0,7.0,-0.08000000000000007,False,False,38.75947189331055,7.238270228415069,7.0,-0.010009819708801437,False,0.2456533931575996
H230__pad_tall_black,H230,pad_tall_black,padding_aspect,1,scored,refused,This body is too side-on for frontal width ratios. Use a front-facing photo.,pose-quality:profile,refused,unknown,,,,,unknown,none,none,,,,,,True,41.24934387207031,7.484152155173044,7.5,0.2358721070491736,True,0.58541846419327
H230__canvas_light_gray,H230,canvas_light_gray,background_canvas,1,scored,scored,,waist-occluded,clothed→model,unknown,1871.5433,0.35828360,true,-0.18135889,full,legTorso+symmetry,scalar,0.0,7.08,7.0,0.0,False,False,35.94798278808594,6.988680771778547,7.0,-0.2595992763453232,False,0.4611933602512337
H230__aspect_squeeze_80,H230,aspect_squeeze_80,padding_aspect,1,scored,scored,,,clothed→model,f,1992.8040,0.65473821,true,0.11509572000000001,full,vTaper+legTorso+symmetry,scalar,0.0,6.98,7.0,-0.09999999999999964,False,False,39.703651428222656,7.397491668189962,7.5,0.14921162006609112,True,0.5687044307347168
H230__resolution_256,H230,resolution_256,resolution,1,scored,scored,,waist-occluded,clothed→model,unknown,254.7652,0.47024644,true,-0.06939604999999999,full,legTorso+symmetry,scalar,0.0,7.42,7.5,0.33999999999999986,True,False,38.52738952636719,7.193810375223103,7.0,-0.05446967290076721,False,0.4609375
H230__brightness_70,H230,brightness_70,lighting,1,scored,scored,,waist-occluded,clothed→model,unknown,1897.3588,0.52403412,true,-0.015608369999999927,full,shoulderHip+legTorso+symmetry,scalar,0.0,7.46,7.5,0.3799999999999999,True,False,39.787803649902344,7.401560646335387,7.5,0.1532805982115164,True,0.46102075154234434
H230__brightness_130,H230,brightness_130,lighting,1,scored,scored,,waist-occluded,clothed→model,unknown,1925.1493,0.53767660,true,-0.0019658900000000257,full,legTorso+symmetry,scalar,0.0,7.23,7.0,0.15000000000000036,False,False,38.76146697998047,7.238596428459227,7.0,-0.009683619664643928,False,0.46102075154234434
H230__contrast_70,H230,contrast_70,lighting,1,scored,scored,,waist-occluded,clothed→model,f,1871.3207,0.51069653,true,-0.028945959999999937,full,shoulderHip+legTorso+symmetry,scalar,0.0,7.35,7.5,0.2699999999999996,True,False,39.928775787353516,7.408413232949792,7.5,0.16013318482592176,True,0.46102075154234434
H230__contrast_130,H230,contrast_130,lighting,1,scored,scored,,waist-occluded,clothed→model,f,1936.6082,0.54313150,true,0.0034890100000000146,full,shoulderHip+legTorso+symmetry,scalar,0.0,7.14,7.0,0.05999999999999961,False,False,38.243858337402344,7.142132940316281,7.0,-0.10614710780758951,False,0.46102075154234434
H230__side_lighting,H230,side_lighting,lighting,1,scored,scored,,waist-occluded,clothed→model,f,1918.4288,0.53443174,true,-0.005210749999999931,full,legTorso+symmetry,scalar,0.0,7.14,7.0,0.05999999999999961,False,False,38.05802917480469,7.133918290830071,7.0,-0.11436175729379983,False,0.46102075154234434
H230__jpeg_q35,H230,jpeg_q35,jpeg,1,scored,scored,,waist-occluded,clothed→model,f,1828.5780,0.49760084,true,-0.042041649999999986,full,shoulderHip+legTorso+symmetry,scalar,0.0,7.38,7.5,0.2999999999999998,True,False,39.07506561279297,7.291093176945941,7.5,0.04281312882207011,True,0.46102075154234434
H230__rotate_3,H230,rotate_3,rotation_camera_like,1,scored,scored,,waist-occluded,clothed→model,f,1804.7030,0.47947797,true,-0.06016452,full,legTorso+symmetry,scalar,0.0,7.39,7.5,0.3099999999999996,True,False,38.36546325683594,7.157576403579371,7.0,-0.09070364454449908,False,0.46102075154234434
H230__perspective_mild,H230,perspective_mild,rotation_camera_like,1,scored,scored,,waist-occluded,clothed→model,unknown,1957.5432,0.55285123,true,0.013208740000000052,full,legTorso+symmetry,scalar,0.0,7.11,7.0,0.03000000000000025,False,False,38.79655456542969,7.244348805211908,7.0,-0.003931242911962229,False,0.46102075154234434
H230__gaussian_blur_1_5,H230,gaussian_blur_1_5,rotation_camera_like,1,scored,scored,,waist-occluded,clothed→model,m,1810.8260,0.48535467,true,-0.05428781999999999,full,shoulderHip+legTorso+symmetry,scalar,0.0,7.24,7.0,0.16000000000000014,False,False,39.048072814941406,7.286475260566462,7.5,0.0381952124425915,True,0.46102075154234434
T220__original,T220,original,control,2,scored,scored,,,clothed→model,f,1927.3539,0.53873365,true,0.0,full,whr+vTaper+shoulderHip+legTorso+symmetry,scalar,0.0,7.7,7.5,0.0,False,False,41.621986389160156,7.5274429108768715,7.5,0.0,False,0.46102075154234434
T220__mirror,T220,mirror,mirror,2,scored,scored,,,clothed→model,unknown,1946.0161,0.54753826,true,0.008804610000000102,full,whr+vTaper+shoulderHip+legTorso+symmetry,scalar,0.0,7.53,7.5,-0.16999999999999993,False,False,44.489261627197266,7.966077897311293,8.0,0.43863498643442167,True,0.46102075154234434
T220__crop_center_10,T220,crop_center_10,crop,2,scored,refused,"No body found — use a clear, full-body, front-facing photo.",no-body,refused,unknown,,,,,unknown,none,none,,,,,,True,42.82865524291992,7.766607772996666,8.0,0.23916486211979482,True,0.46110721793973375
T220__crop_legs_20,T220,crop_legs_20,crop,2,scored,scored,,,clothed→geometry,f,1639.9000,0.49042492,true,-0.048308729999999966,torso,whr+vTaper+shoulderHip,scalar,0.0,7.72,7.5,0.019999999999999574,False,True,39.69987487792969,7.397309437710899,7.5,-0.130133473165972,False,0.32608695652173914
T220__pad_wide_black,T220,pad_wide_black,padding_aspect,2,scored,scored,,,clothed→model,f,1930.6707,0.35663529,true,-0.18209835999999996,full,whr+vTaper+shoulderHip+legTorso+symmetry,scalar,0.0,7.43,7.5,-0.27000000000000046,False,False,41.66338348388672,7.532373181116895,7.5,0.004930270240023127,False,0.2456533931575996
T220__pad_tall_black,T220,pad_tall_black,padding_aspect,2,scored,scored,,,clothed→model,f,2025.7536,0.52560865,true,-0.013124999999999942,full,whr+vTaper+shoulderHip+legTorso+symmetry,scalar,0.0,7.58,7.5,-0.1200000000000001,False,False,48.712852478027344,8.767570411250274,9.0,1.2401275003734025,True,0.58541846419327
T220__canvas_light_gray,T220,canvas_light_gray,background_canvas,2,scored,scored,,,clothed→model,f,2004.7895,0.40093462,true,-0.13779902999999993,full,whr+vTaper+shoulderHip+legTorso+symmetry,scalar,0.0,7.85,8.0,0.14999999999999947,True,False,43.65985107421875,7.869897057282811,8.0,0.34245414640593985,True,0.4611933602512337
T220__aspect_squeeze_80,T220,aspect_squeeze_80,padding_aspect,2,scored,scored,,,clothed→model,unknown,1807.5230,0.59373282,true,0.0549991700000001,full,whr+vTaper+shoulderHip+legTorso+symmetry,scalar,0.0,8.87,9.0,1.169999999999999,True,False,50.074920654296875,8.862802890648222,9.0,1.3353599797713507,True,0.5687044307347168
T220__resolution_256,T220,resolution_256,resolution,2,scored,scored,,,clothed→model,f,281.1899,0.55319330,true,0.014459650000000046,full,whr+vTaper+shoulderHip+legTorso+symmetry,scalar,0.0,8.0,8.0,0.2999999999999998,True,False,41.59225845336914,7.5239178535861,7.5,-0.0035250572907710165,False,0.4609375
T220__brightness_70,T220,brightness_70,lighting,2,scored,scored,,,clothed→model,f,1928.0212,0.53905289,true,0.0003192400000000539,full,whr+vTaper+shoulderHip+legTorso+symmetry,scalar,0.0,7.46,7.5,-0.2400000000000002,False,False,43.94610595703125,7.901563183544781,8.0,0.37412027266790915,True,0.46102075154234434
T220__brightness_130,T220,brightness_130,lighting,2,scored,scored,,,clothed→model,f,1892.6197,0.52535309,true,-0.013380559999999986,full,whr+vTaper+shoulderHip+legTorso+symmetry,scalar,0.0,7.77,8.0,0.0699999999999994,True,False,43.762516021728516,7.881114305557764,8.0,0.3536713946808927,True,0.46102075154234434
T220__contrast_70,T220,contrast_70,lighting,2,scored,scored,,,clothed→model,f,1946.0328,0.54754599,true,0.008812340000000085,full,whr+vTaper+shoulderHip+legTorso+symmetry,scalar,0.0,7.27,7.5,-0.4300000000000006,False,False,42.93952941894531,7.787839186391298,8.0,0.26039627551442646,True,0.46102075154234434
T220__contrast_130,T220,contrast_130,lighting,2,scored,scored,,,clothed→model,m,1887.8165,0.52414543,true,-0.01458821999999993,full,whr+vTaper+shoulderHip+legTorso+symmetry,scalar,0.0,7.88,8.0,0.17999999999999972,True,False,40.422569274902344,7.432784551255541,7.5,-0.09465835962133085,False,0.46102075154234434
T220__side_lighting,T220,side_lighting,lighting,2,scored,scored,,,clothed→model,f,1916.2244,0.53335998,true,-0.005373669999999997,full,whr+vTaper+shoulderHip+legTorso+symmetry,scalar,0.0,7.13,7.0,-0.5700000000000003,True,False,40.561431884765625,7.439744681614437,7.5,-0.08769822926243442,False,0.46102075154234434
T220__jpeg_q35,T220,jpeg_q35,jpeg,2,scored,scored,,,clothed→model,f,1919.4725,0.53493789,true,-0.003795759999999926,full,whr+vTaper+shoulderHip+legTorso+symmetry,scalar,0.0,7.69,7.5,-0.009999999999999787,False,False,41.326683044433594,7.492980808216291,7.5,-0.03446210266058003,False,0.46102075154234434
T220__rotate_3,T220,rotate_3,rotation_camera_like,2,scored,scored,,,clothed→model,unknown,1912.9907,0.53178103,true,-0.006952619999999965,full,whr+vTaper+shoulderHip+legTorso+symmetry,scalar,0.0,7.45,7.5,-0.25,False,False,42.760990142822266,7.753902394869609,8.0,0.22645948399273763,True,0.46102075154234434
T220__perspective_mild,T220,perspective_mild,rotation_camera_like,2,scored,scored,,,clothed→model,unknown,1962.9294,0.55530180,true,0.016568150000000004,full,whr+vTaper+shoulderHip+legTorso+symmetry,scalar,0.0,7.96,8.0,0.2599999999999998,True,False,42.31388854980469,7.672407772774619,7.5,0.1449648618977477,False,0.46102075154234434
T220__gaussian_blur_1_5,T220,gaussian_blur_1_5,rotation_camera_like,2,scored,scored,,,clothed→model,unknown,1936.4251,0.54304511,true,0.004311460000000045,full,whr+vTaper+shoulderHip+legTorso+symmetry,scalar,0.0,7.38,7.5,-0.3200000000000003,False,False,41.94884490966797,7.56822344698443,7.5,0.04078053610755816,False,0.46102075154234434
H200__original,H200,original,control,2,refused,refused,This body is too side-on for frontal width ratios. Use a front-facing photo.,pose-quality:profile,refused,unknown,,,,,unknown,none,none,,,,,,False,39.06109619140625,7.288700864636118,7.5,0.0,False,0.46102075154234434
H200__mirror,H200,mirror,mirror,2,refused,scored,,waist-occluded,clothed→model,f,1971.9887,0.55937829,true,,full,legTorso+symmetry,scalar,0.0,7.3,7.5,,,True,37.50172424316406,7.109656548851936,7.0,-0.17904431578418212,True,0.46102075154234434
H200__crop_center_10,H200,crop_center_10,crop,2,refused,refused,"No body found — use a clear, full-body, front-facing photo.",no-body,refused,unknown,,,,,unknown,none,none,,,,,,False,40.68584060668945,7.446021323114472,7.5,0.1573204584783543,False,0.46110721793973375
H200__crop_legs_20,H200,crop_legs_20,crop,2,refused,scored,,waist-occluded,clothed→geometry,f,1629.3986,0.48383538,true,,torso,shoulderHip,scalar,0.0,2.94,3.0,,,True,37.29548645019531,7.100783847426726,7.0,-0.1879170172093918,True,0.32608695652173914
H200__pad_wide_black,H200,pad_wide_black,padding_aspect,2,refused,scored,,,clothed→model,f,2013.4675,0.40845962,true,,full,vTaper+legTorso+symmetry,scalar,0.0,7.45,7.5,,,True,39.01856994628906,7.281450054162214,7.5,-0.007250810473903968,False,0.2456533931575996
H200__pad_tall_black,H200,pad_tall_black,padding_aspect,2,refused,refused,This body is too side-on for frontal width ratios. Use a front-facing photo.,pose-quality:profile,refused,unknown,,,,,unknown,none,none,,,,,,False,43.08659744262695,7.809897090392551,8.0,0.5211962257564329,True,0.58541846419327
H200__canvas_light_gray,H200,canvas_light_gray,background_canvas,2,refused,scored,,waist-occluded,clothed→model,unknown,1842.0693,0.34801585,true,,full,shoulderHip+legTorso+symmetry,scalar,0.0,7.24,7.0,,,True,38.52344512939453,7.192914227700896,7.0,-0.09578663693522138,True,0.4611933602512337
H200__aspect_squeeze_80,H200,aspect_squeeze_80,padding_aspect,2,refused,scored,,,clothed→model,f,1978.7519,0.64981705,true,,full,whr+vTaper+shoulderHip+legTorso+symmetry,scalar,0.0,7.4,7.5,,,True,42.30940628051758,7.671054037429338,7.5,0.3823531727932199,False,0.5687044307347168
H200__resolution_256,H200,resolution_256,resolution,2,refused,refused,This body is too side-on for frontal width ratios. Use a front-facing photo.,pose-quality:profile,refused,unknown,,,,,unknown,none,none,,,,,,False,38.85976028442383,7.254785923970418,7.5,-0.033914940665699334,False,0.4609375
H200__brightness_70,H200,brightness_70,lighting,2,refused,scored,,waist-occluded,clothed→model,f,1951.5506,0.55010092,true,,full,shoulderHip+legTorso+symmetry,scalar,0.0,7.42,7.5,,,True,41.2095947265625,7.479645127916424,7.5,0.190944263280306,False,0.46102075154234434
H200__brightness_130,H200,brightness_130,lighting,2,refused,scored,,waist-occluded,clothed→model,unknown,1975.8693,0.56110736,true,,full,legTorso+symmetry,scalar,0.0,7.31,7.5,,,True,39.45874786376953,7.385740216558129,7.5,0.09703935192201119,False,0.46102075154234434
H200__contrast_70,H200,contrast_70,lighting,2,refused,scored,,waist-occluded,clothed→model,f,1901.1100,0.52591061,true,,full,shoulderHip+legTorso+symmetry,scalar,0.0,7.53,7.5,,,True,40.280731201171875,7.425724258874952,7.5,0.13702339423883458,False,0.46102075154234434
H200__contrast_130,H200,contrast_130,lighting,2,refused,scored,,waist-occluded,clothed→model,unknown,1952.1851,0.55039334,true,,full,legTorso+symmetry,scalar,0.0,7.41,7.5,,,True,39.2923583984375,7.3778313672476195,7.5,0.08913050261150168,False,0.46102075154234434
H200__side_lighting,H200,side_lighting,lighting,2,refused,scored,,,clothed→model,f,1976.9482,0.56158628,true,,full,vTaper+legTorso+symmetry,scalar,0.0,7.45,7.5,,,True,38.48792266845703,7.184874756219541,7.0,-0.1038261084165768,True,0.46102075154234434
H200__jpeg_q35,H200,jpeg_q35,jpeg,2,refused,scored,,waist-occluded,clothed→model,unknown,1993.4438,0.56881192,true,,full,legTorso+symmetry,scalar,0.0,7.3,7.5,,,True,39.46561050415039,7.386067706667316,7.5,0.09736684203119861,False,0.46102075154234434
H200__rotate_3,H200,rotate_3,rotation_camera_like,2,refused,scored,,waist-occluded,clothed→model,unknown,1982.5712,0.56406960,true,,full,legTorso+symmetry,scalar,0.0,7.2,7.0,,,True,38.5036735534668,7.188432638974426,7.0,-0.1002682256616918,True,0.46102075154234434
H200__perspective_mild,H200,perspective_mild,rotation_camera_like,2,refused,refused,"The geometry route produced no scored body cue. Retake with your full outline visible, arms a few inches out, and stronger contrast from the background.",geometry-no-cues,clothed→geometry,unknown,2050.4500,0.59245425,true,,torso,none,none,,,,,,True,38.74207305908203,7.235429480589865,7.0,-0.05327138404625309,True,0.46102075154234434
H200__gaussian_blur_1_5,H200,gaussian_blur_1_5,rotation_camera_like,2,refused,scored,,waist-occluded,clothed→model,unknown,1918.5257,0.53447878,true,,full,legTorso+symmetry,scalar,0.0,7.35,7.5,,,True,39.241939544677734,7.361132758471145,7.5,0.07243189383502724,False,0.46102075154234434
T230__original,T230,original,control,2,scored,scored,,,clothed→model,unknown,1925.3831,0.53778884,true,0.0,full,whr+vTaper+shoulderHip+legTorso+symmetry,scalar,0.0,7.71,7.5,0.0,False,False,41.03722381591797,7.463963885481731,7.5,0.0,False,0.46102075154234434
T230__mirror,T230,mirror,mirror,2,scored,scored,,,clothed→model,unknown,1932.7239,0.54129328,true,0.003504439999999942,full,whr+vTaper+shoulderHip+legTorso+symmetry,scalar,0.0,7.56,7.5,-0.15000000000000036,False,False,45.114784240722656,8.051256304569629,8.0,0.5872924190878974,True,0.46102075154234434
T230__crop_center_10,T230,crop_center_10,crop,2,scored,refused,"No body found — use a clear, full-body, front-facing photo.",no-body,refused,unknown,,,,,unknown,none,none,,,,,,True,42.95319747924805,7.790493205459614,8.0,0.32652931997788315,True,0.46110721793973375
T230__crop_legs_20,T230,crop_legs_20,crop,2,scored,scored,,,clothed→geometry,f,1639.9000,0.49042492,true,-0.04736392000000006,torso,whr+vTaper+shoulderHip,scalar,0.0,7.64,7.5,-0.07000000000000028,False,True,39.82467269897461,7.403348431386838,7.5,-0.06061545409489355,False,0.32608695652173914
T230__pad_wide_black,T230,pad_wide_black,padding_aspect,2,scored,scored,,,clothed→model,unknown,1932.5971,0.35791731,true,-0.17987153000000006,full,whr+vTaper+shoulderHip+legTorso+symmetry,scalar,0.0,7.38,7.5,-0.33000000000000007,False,False,41.074920654296875,7.4659080340174,7.5,0.0019441485356690436,False,0.2456533931575996
T230__pad_tall_black,T230,pad_tall_black,padding_aspect,2,scored,scored,,,clothed→model,f,2013.9179,0.52282066,true,-0.014968179999999998,full,whr+vTaper+shoulderHip+legTorso+symmetry,scalar,0.0,7.82,8.0,0.11000000000000032,True,False,48.04164123535156,8.604152763858183,8.5,1.1401888783764518,True,0.58541846419327
T230__canvas_light_gray,T230,canvas_light_gray,background_canvas,2,scored,scored,,,clothed→model,f,1999.4931,0.39934775,true,-0.13844109000000004,full,whr+vTaper+shoulderHip+legTorso+symmetry,scalar,0.0,7.81,8.0,0.09999999999999964,True,False,43.846397399902344,7.890394058723571,8.0,0.4264301732418394,True,0.4611933602512337
T230__aspect_squeeze_80,T230,aspect_squeeze_80,padding_aspect,2,scored,scored,,,clothed→model,m,1793.1044,0.59052101,true,0.05273216999999997,full,whr+vTaper+shoulderHip+legTorso+symmetry,scalar,0.0,9.01,9.0,1.2999999999999998,True,False,50.13185501098633,8.867139903189006,9.0,1.403176017707275,True,0.5687044307347168
T230__resolution_256,T230,resolution_256,resolution,2,scored,scored,,,clothed→model,f,280.1234,0.54978464,true,0.011995800000000001,full,whr+vTaper+shoulderHip+legTorso+symmetry,scalar,0.0,7.83,8.0,0.1200000000000001,True,False,41.14128112792969,7.471946853931353,7.5,0.007982968449621985,False,0.4609375
T230__brightness_70,T230,brightness_70,lighting,2,scored,scored,,,clothed→model,f,1917.6182,0.53403805,true,-0.003750790000000004,full,whr+vTaper+shoulderHip+legTorso+symmetry,scalar,0.0,7.89,8.0,0.17999999999999972,True,False,43.77642059326172,7.882645334849209,8.0,0.41868144936747775,True,0.46102075154234434
T230__brightness_130,T230,brightness_130,lighting,2,scored,scored,,,clothed→model,f,1888.0228,0.52419743,true,-0.013591410000000081,full,whr+vTaper+shoulderHip+legTorso+symmetry,scalar,0.0,7.85,8.0,0.13999999999999968,True,False,43.15241241455078,7.816571959721031,8.0,0.3526080742393001,True,0.46102075154234434
T230__contrast_70,T230,contrast_70,lighting,2,scored,scored,,,clothed→model,unknown,1950.0624,0.54941396,true,0.011625119999999933,full,whr+vTaper+shoulderHip+legTorso+symmetry,scalar,0.0,8.0,8.0,0.29000000000000004,True,False,42.477508544921875,7.702593069968978,7.5,0.23862918448724724,False,0.46102075154234434
T230__contrast_130,T230,contrast_130,lighting,2,scored,scored,,,clothed→model,f,1909.1840,0.52991203,true,-0.007876810000000067,full,whr+vTaper+shoulderHip+legTorso+symmetry,scalar,0.0,7.49,7.5,-0.21999999999999975,False,False,39.96774673461914,7.410315679417749,7.5,-0.053648206063981796,False,0.46102075154234434
T230__side_lighting,T230,side_lighting,lighting,2,scored,scored,,,clothed→model,f,1915.6994,0.53310416,true,-0.004684679999999997,full,whr+vTaper+shoulderHip+legTorso+symmetry,scalar,0.0,7.46,7.5,-0.25,False,False,40.10160827636719,7.416877426193927,7.5,-0.047086459287804416,False,0.46102075154234434
T230__jpeg_q35,T230,jpeg_q35,jpeg,2,scored,scored,,,clothed→model,unknown,1927.2441,0.53868105,true,0.0008922099999999489,full,whr+vTaper+shoulderHip+legTorso+symmetry,scalar,0.0,7.69,7.5,-0.019999999999999574,False,False,40.78263854980469,7.450932146673199,7.5,-0.013031738808532367,False,0.46102075154234434
T230__rotate_3,T230,rotate_3,rotation_camera_like,2,scored,scored,,,clothed→model,f,1910.8511,0.53073188,true,-0.007056960000000001,full,whr+vTaper+shoulderHip+legTorso+symmetry,scalar,0.0,7.43,7.5,-0.28000000000000025,False,False,42.81507873535156,7.76404355143776,8.0,0.3000796659560292,True,0.46102075154234434
T230__perspective_mild,T230,perspective_mild,rotation_camera_like,2,scored,scored,,,clothed→model,unknown,1967.7416,0.55747418,true,0.019685339999999996,full,whr+vTaper+shoulderHip+legTorso+symmetry,scalar,0.0,8.17,8.0,0.45999999999999996,True,False,42.220706939697266,7.644672777467505,7.5,0.18070889198577422,False,0.46102075154234434
T230__gaussian_blur_1_5,T230,gaussian_blur_1_5,rotation_camera_like,2,scored,scored,,,clothed→model,unknown,1935.9566,0.54282394,true,0.005035099999999959,full,whr+vTaper+shoulderHip+legTorso+symmetry,scalar,0.0,7.38,7.5,-0.33000000000000007,False,False,41.418426513671875,7.503557636211773,7.5,0.03959375073004168,False,0.46102075154234434
T200__original,T200,original,control,3,scored,scored,,,clothed→model,f,1916.2936,0.53339367,true,0.0,full,whr+vTaper+shoulderHip+legTorso+symmetry,scalar,0.0,7.13,7.0,0.0,False,False,41.689292907714844,7.535471785875114,7.5,0.0,False,0.46102075154234434
T200__mirror,T200,mirror,mirror,3,scored,scored,,,clothed→model,unknown,1949.3976,0.54910661,true,0.01571294000000001,full,whr+vTaper+shoulderHip+legTorso+symmetry,scalar,0.0,7.89,8.0,0.7599999999999998,True,False,44.426727294921875,7.958048428075934,8.0,0.4225766422008199,True,0.46102075154234434
T200__crop_center_10,T200,crop_center_10,crop,3,scored,scored,,,clothed→geometry,unknown,1641.0500,0.59251964,true,0.05912596999999997,torso,whr+vTaper+shoulderHip,interval_midpoint,0.41000000000000014,6.525,6.5,-0.6049999999999995,True,True,42.44146728515625,7.6962780521849155,7.5,0.16080626630980177,False,0.46110721793973375
T200__crop_legs_20,T200,crop_legs_20,crop,3,scored,scored,,,clothed→geometry,unknown,1639.9000,0.49042492,true,-0.042968750000000056,torso,whr+vTaper+shoulderHip,interval_midpoint,1.6599999999999993,6.77,6.75,-0.3600000000000003,True,True,40.22719192504883,7.4230719180003994,7.5,-0.11239986787471423,False,0.32608695652173914
T200__pad_wide_black,T200,pad_wide_black,padding_aspect,3,scored,scored,,,clothed→model,f,1926.4329,0.35380165,true,-0.17959202000000002,full,whr+vTaper+shoulderHip+legTorso+symmetry,scalar,0.0,7.16,7.0,0.03000000000000025,False,False,41.63660430908203,7.529180987983591,7.5,-0.006290797891522537,False,0.2456533931575996
T200__pad_tall_black,T200,pad_tall_black,padding_aspect,3,scored,scored,,,clothed→model,unknown,2042.1216,0.52941099,true,-0.003982680000000016,full,whr+vTaper+shoulderHip+legTorso+symmetry,scalar,0.0,7.57,7.5,0.4400000000000004,True,False,48.59874725341797,8.760243888956964,9.0,1.2247721030818504,True,0.58541846419327
T200__canvas_light_gray,T200,canvas_light_gray,background_canvas,3,scored,scored,,,clothed→model,unknown,1983.0587,0.39436992,true,-0.13902375000000006,full,whr+vTaper+shoulderHip+legTorso+symmetry,scalar,0.0,7.47,7.5,0.33999999999999986,True,False,43.645469665527344,7.868337828980382,8.0,0.3328660431052679,True,0.4611933602512337
T200__aspect_squeeze_80,T200,aspect_squeeze_80,padding_aspect,3,scored,scored,,,clothed→model,unknown,1816.3747,0.59830095,true,0.06490728000000001,full,whr+vTaper+shoulderHip+legTorso+symmetry,scalar,0.0,8.77,9.0,1.6399999999999997,True,False,50.04888916015625,8.860830626869111,9.0,1.3253588409939976,True,0.5687044307347168
T200__resolution_256,T200,resolution_256,resolution,3,scored,scored,,,clothed→model,f,280.7022,0.55163941,true,0.01824574000000001,full,whr+vTaper+shoulderHip+legTorso+symmetry,scalar,0.0,7.94,8.0,0.8100000000000005,True,False,42.036170959472656,7.592103712632968,7.5,0.05663192675785389,False,0.4609375
T200__brightness_70,T200,brightness_70,lighting,3,scored,scored,,,clothed→model,f,1918.2839,0.53436141,true,0.0009677399999999947,full,whr+vTaper+shoulderHip+legTorso+symmetry,scalar,0.0,7.74,7.5,0.6100000000000003,True,False,44.02122116088867,7.910079498047069,8.0,0.3746077121719553,True,0.46102075154234434
T200__brightness_130,T200,brightness_130,lighting,3,scored,scored,,,clothed→model,f,1892.6429,0.52535891,true,-0.00803476000000003,full,whr+vTaper+shoulderHip+legTorso+symmetry,scalar,0.0,7.73,7.5,0.6000000000000005,True,False,43.66655349731445,7.87062473746962,8.0,0.3351529515945062,True,0.46102075154234434
T200__contrast_70,T200,contrast_70,lighting,3,scored,scored,,,clothed→model,f,1943.8402,0.54652472,true,0.013131049999999922,full,whr+vTaper+shoulderHip+legTorso+symmetry,scalar,0.0,7.39,7.5,0.2599999999999998,True,False,43.27186965942383,7.828823459367049,8.0,0.29335167349193547,True,0.46102075154234434
T200__contrast_130,T200,contrast_130,lighting,3,scored,scored,,,clothed→model,f,1951.7249,0.55018126,true,0.016787589999999963,full,whr+vTaper+shoulderHip+legTorso+symmetry,scalar,0.0,8.2,8.0,1.0699999999999994,True,False,40.50304412841797,7.436812312423467,7.5,-0.09865947345164638,False,0.46102075154234434
T200__side_lighting,T200,side_lighting,lighting,3,scored,scored,,,clothed→model,unknown,1908.1195,0.52938734,true,-0.004006330000000058,full,whr+vTaper+shoulderHip+legTorso+symmetry,scalar,0.0,7.41,7.5,0.28000000000000025,True,False,40.85710906982422,7.454726641737523,7.5,-0.08074514413759104,False,0.46102075154234434
T200__jpeg_q35,T200,jpeg_q35,jpeg,3,scored,scored,,,clothed→model,unknown,1920.1938,0.53528722,true,0.0018935499999999106,full,whr+vTaper+shoulderHip+legTorso+symmetry,scalar,0.0,7.14,7.0,0.009999999999999787,False,False,41.36566925048828,7.497461484383588,7.5,-0.038010301491525844,False,0.46102075154234434
T200__rotate_3,T200,rotate_3,rotation_camera_like,3,scored,scored,,,clothed→model,f,1954.4684,0.55144321,true,0.01804953999999992,full,whr+vTaper+shoulderHip+legTorso+symmetry,scalar,0.0,7.68,7.5,0.5499999999999998,True,False,41.99446487426758,7.580623193084078,7.5,0.045151407208964045,False,0.46102075154234434
T200__perspective_mild,T200,perspective_mild,rotation_camera_like,3,scored,scored,,,clothed→model,unknown,1974.8384,0.56064902,true,0.02725535000000001,full,whr+vTaper+shoulderHip+legTorso+symmetry,scalar,0.0,7.69,7.5,0.5600000000000005,True,False,41.88872528076172,7.559663586645179,7.5,0.02419180077006544,False,0.46102075154234434
T200__gaussian_blur_1_5,T200,gaussian_blur_1_5,rotation_camera_like,3,scored,scored,,,clothed→model,f,1934.9672,0.54235625,true,0.008962579999999942,full,whr+vTaper+shoulderHip+legTorso+symmetry,scalar,0.0,7.37,7.5,0.2400000000000002,True,False,42.00056457519531,7.582293541951076,7.5,0.046821756075962284,False,0.46102075154234434
T170__original,T170,original,control,3,scored,scored,,,clothed→model,f,1940.3772,0.54490464,true,0.0,full,whr+vTaper+shoulderHip+legTorso+symmetry,scalar,0.0,7.13,7.0,0.0,False,False,41.230628967285156,7.482027573481712,7.5,0.0,False,0.46102075154234434
T170__mirror,T170,mirror,mirror,3,scored,scored,,,clothed→model,unknown,1946.7162,0.54786362,true,0.0029589799999999444,full,whr+vTaper+shoulderHip+legTorso+symmetry,scalar,0.0,7.27,7.5,0.13999999999999968,True,False,42.72056579589844,7.746399680635277,7.5,0.26437210715356496,False,0.46102075154234434
T170__crop_center_10,T170,crop_center_10,crop,3,scored,scored,,,clothed→geometry,unknown,1641.0500,0.59251964,true,0.04761499999999996,torso,whr+vTaper+shoulderHip,interval_midpoint,0.40000000000000036,6.53,6.5,-0.5999999999999996,True,True,41.8129768371582,7.550402866356928,7.5,0.06837529287521527,False,0.46110721793973375
T170__crop_legs_20,T170,crop_legs_20,crop,3,scored,scored,,,clothed→geometry,f,1639.9000,0.49042492,true,-0.054479720000000065,torso,whr+vTaper+shoulderHip,scalar,0.0,7.46,7.5,0.33000000000000007,True,True,39.274024963378906,7.376127015474492,7.5,-0.10590055800722009,False,0.32608695652173914
T170__pad_wide_black,T170,pad_wide_black,padding_aspect,3,scored,scored,,,clothed→model,f,1942.2834,0.36430554,true,-0.18059910000000007,full,whr+vTaper+shoulderHip+legTorso+symmetry,scalar,0.0,7.16,7.0,0.03000000000000025,False,False,41.24729537963867,7.483919380375761,7.5,0.0018918068940489974,False,0.2456533931575996
T170__pad_tall_black,T170,pad_tall_black,padding_aspect,3,scored,scored,,,clothed→model,unknown,2038.3357,0.52853694,true,-0.016367700000000096,full,whr+vTaper+shoulderHip+legTorso+symmetry,scalar,0.0,7.52,7.5,0.3899999999999997,True,False,48.80719757080078,8.773696480041941,9.0,1.2916689065602291,True,0.58541846419327
T170__canvas_light_gray,T170,canvas_light_gray,background_canvas,3,scored,scored,,,clothed→model,unknown,1983.3094,0.39444648,true,-0.15045816000000006,full,whr+vTaper+shoulderHip+legTorso+symmetry,scalar,0.0,7.73,7.5,0.6000000000000005,True,False,43.683448791503906,7.872461902329138,8.0,0.3904343288474257,True,0.4611933602512337
T170__aspect_squeeze_80,T170,aspect_squeeze_80,padding_aspect,3,scored,scored,,,clothed→model,m,1826.9838,0.59649316,true,0.051588519999999916,full,whr+vTaper+shoulderHip+legTorso+symmetry,scalar,0.0,7.93,8.0,0.7999999999999998,True,False,49.19374084472656,8.799472903301847,9.0,1.317445329820135,True,0.5687044307347168
T170__resolution_256,T170,resolution_256,resolution,3,scored,scored,,,clothed→model,f,279.0064,0.54617275,true,0.0012681099999999335,full,whr+vTaper+shoulderHip+legTorso+symmetry,scalar,0.0,7.53,7.5,0.40000000000000036,True,False,41.30011749267578,7.489939290723418,7.5,0.007911717241706029,False,0.4609375
T170__brightness_70,T170,brightness_70,lighting,3,scored,scored,,,clothed→model,f,1951.5159,0.55008491,true,0.005180269999999987,full,whr+vTaper+shoulderHip+legTorso+symmetry,scalar,0.0,7.44,7.5,0.3100000000000005,True,False,44.15138244628906,7.925051459852506,8.0,0.4430238863707938,True,0.46102075154234434
T170__brightness_130,T170,brightness_130,lighting,3,scored,scored,,,clothed→model,f,1919.8816,0.53513610,true,-0.009768540000000048,full,whr+vTaper+shoulderHip+legTorso+symmetry,scalar,0.0,7.83,8.0,0.7000000000000002,True,False,43.19645690917969,7.821068480106028,8.0,0.33904090662431585,True,0.46102075154234434
T170__contrast_70,T170,contrast_70,lighting,3,scored,scored,,,clothed→model,f,1962.0469,0.55490167,true,0.009997029999999962,full,whr+vTaper+shoulderHip+legTorso+symmetry,scalar,0.0,7.96,8.0,0.8300000000000001,True,False,43.106605529785156,7.81192072854007,8.0,0.3298931550583575,True,0.46102075154234434
T170__contrast_130,T170,contrast_130,lighting,3,scored,scored,,,clothed→model,unknown,1904.2146,0.52824325,true,-0.016661389999999998,full,whr+vTaper+shoulderHip+legTorso+symmetry,scalar,0.0,7.7,7.5,0.5700000000000003,True,False,40.48522186279297,7.435918927335295,7.5,-0.04610864614641752,False,0.46102075154234434
T170__side_lighting,T170,side_lighting,lighting,3,scored,scored,,,clothed→model,f,1945.5874,0.54733883,true,0.0024341900000000027,full,whr+vTaper+shoulderHip+legTorso+symmetry,scalar,0.0,7.12,7.0,-0.009999999999999787,False,False,40.736446380615234,7.448585701150424,7.5,-0.033441872331287925,False,0.46102075154234434
T170__jpeg_q35,T170,jpeg_q35,jpeg,3,scored,scored,,,clothed→model,f,1941.2908,0.54533287,true,0.0004282299999999184,full,whr+vTaper+shoulderHip+legTorso+symmetry,scalar,0.0,7.12,7.0,-0.009999999999999787,False,False,40.97148132324219,7.460582364920317,7.5,-0.021445208561395646,False,0.46102075154234434
T170__rotate_3,T170,rotate_3,rotation_camera_like,3,scored,scored,,,clothed→model,f,1961.8951,0.55483279,true,0.009928149999999913,full,whr+vTaper+shoulderHip+legTorso+symmetry,scalar,0.0,7.43,7.5,0.2999999999999998,True,False,42.59140396118164,7.722849837330902,7.5,0.24082226384918926,False,0.46102075154234434
T170__perspective_mild,T170,perspective_mild,rotation_camera_like,3,scored,scored,,,clothed→model,unknown,1988.0843,0.56648401,true,0.021579369999999987,full,whr+vTaper+shoulderHip+legTorso+symmetry,scalar,0.0,7.43,7.5,0.2999999999999998,True,False,41.86051940917969,7.556204724613076,7.5,0.07417715113136403,False,0.46102075154234434
T170__gaussian_blur_1_5,T170,gaussian_blur_1_5,rotation_camera_like,3,scored,scored,,,clothed→model,f,1947.1611,0.54807020,true,0.0031655599999999007,full,whr+vTaper+shoulderHip+legTorso+symmetry,scalar,0.0,7.15,7.0,0.020000000000000462,False,False,41.64948272705078,7.530714833183645,7.5,0.048687259701932994,False,0.46102075154234434
H030__original,H030,original,control,3,scored,scored,,,clothed→model,unknown,1987.8933,0.56640069,true,0.0,full,whr+vTaper+shoulderHip+legTorso+symmetry,scalar,0.0,7.1,7.0,0.0,False,False,42.08507537841797,7.605747484468545,7.5,0.0,False,0.46102075154234434
H030__mirror,H030,mirror,mirror,3,scored,scored,,,clothed→model,unknown,1992.3653,0.56834500,true,0.0019443099999999491,full,whr+vTaper+shoulderHip+legTorso+symmetry,scalar,0.0,7.41,7.5,0.3100000000000005,True,False,41.75536346435547,7.5434188775368,7.5,-0.06232860693174569,False,0.46102075154234434
H030__crop_center_10,H030,crop_center_10,crop,3,scored,scored,,,clothed→geometry,unknown,1641.0500,0.59251964,true,0.026118949999999974,torso,whr+vTaper+shoulderHip,interval_midpoint,2.24,6.59,6.5,-0.5099999999999998,True,True,44.846397399902344,8.013566225566175,8.0,0.4078187410976293,True,0.46110721793973375
H030__crop_legs_20,H030,crop_legs_20,crop,3,scored,scored,,,clothed→geometry,unknown,1639.9000,0.49042492,true,-0.07597577000000005,torso,whr+vTaper+shoulderHip,interval_midpoint,1.8399999999999999,6.54,6.5,-0.5599999999999996,True,True,39.631526947021484,7.394016974391438,7.5,-0.21173051007710697,False,0.32608695652173914
H030__pad_wide_black,H030,pad_wide_black,padding_aspect,3,scored,scored,,,clothed→model,unknown,1992.9190,0.39619829,true,-0.17020240000000003,full,whr+vTaper+shoulderHip+legTorso+symmetry,scalar,0.0,7.18,7.0,0.08000000000000007,False,False,42.05347442626953,7.596908432716715,7.5,-0.008839051751830418,False,0.2456533931575996
H030__pad_tall_black,H030,pad_tall_black,padding_aspect,3,scored,scored,,,clothed→model,unknown,2032.6640,0.52722142,true,-0.03917926999999999,full,whr+vTaper+shoulderHip+legTorso+symmetry,scalar,0.0,7.42,7.5,0.3200000000000003,True,False,44.25432586669922,7.937092172234346,8.0,0.3313446877658004,True,0.58541846419327
H030__canvas_light_gray,H030,canvas_light_gray,background_canvas,3,scored,scored,,,clothed→model,f,1960.3521,0.38735495,true,-0.17904574000000006,full,whr+vTaper+shoulderHip+legTorso+symmetry,scalar,0.0,7.45,7.5,0.35000000000000053,True,False,40.08928680419922,7.416271680579782,7.5,-0.1894758038887634,False,0.4611933602512337
H030__aspect_squeeze_80,H030,aspect_squeeze_80,padding_aspect,3,scored,scored,,,clothed→model,f,1983.5199,0.65149859,true,0.08509789999999995,full,whr+vTaper+shoulderHip+legTorso+symmetry,scalar,0.0,8.29,8.5,1.1899999999999995,True,False,46.38023376464844,8.251665898053734,8.5,0.6459184135851883,True,0.5687044307347168
H030__resolution_256,H030,resolution_256,resolution,3,scored,scored,,,clothed→model,f,286.3137,0.56904208,true,0.0026413899999999657,full,whr+vTaper+shoulderHip+legTorso+symmetry,scalar,0.0,7.29,7.5,0.1900000000000004,True,False,42.089778900146484,7.607070296504929,7.5,0.001322812036383958,False,0.4609375
H030__brightness_70,H030,brightness_70,lighting,3,scored,scored,,,clothed→model,unknown,1987.2453,0.56611787,true,-0.00028282000000001695,full,whr+vTaper+shoulderHip+legTorso+symmetry,scalar,0.0,7.09,7.0,-0.009999999999999787,False,False,42.58344650268555,7.7214193996531675,7.5,0.11567191518462216,False,0.46102075154234434
H030__brightness_130,H030,brightness_130,lighting,3,scored,scored,,,clothed→model,unknown,1991.3135,0.56788889,true,0.0014881999999999396,full,whr+vTaper+shoulderHip+legTorso+symmetry,scalar,0.0,7.4,7.5,0.3000000000000007,True,False,43.04206848144531,7.805410628046228,8.0,0.19966314357768233,True,0.46102075154234434
H030__contrast_70,H030,contrast_70,lighting,3,scored,scored,,,clothed→model,unknown,1988.6388,0.56672573,true,0.00032503999999999866,full,whr+vTaper+shoulderHip+legTorso+symmetry,scalar,0.0,7.09,7.0,-0.009999999999999787,False,False,42.03227996826172,7.591026673286593,7.5,-0.014720811181952342,False,0.46102075154234434
H030__contrast_130,H030,contrast_130,lighting,3,scored,scored,,,clothed→model,unknown,1997.1013,0.57038986,true,0.003989169999999986,full,whr+vTaper+shoulderHip+legTorso+symmetry,scalar,0.0,7.13,7.0,0.03000000000000025,False,False,42.73426818847656,7.748935597570517,7.5,0.14318811310197166,False,0.46102075154234434
H030__side_lighting,H030,side_lighting,lighting,3,scored,scored,,,clothed→model,unknown,1991.5571,0.56799458,true,0.0015938899999999867,full,whr+vTaper+shoulderHip+legTorso+symmetry,scalar,0.0,7.13,7.0,0.03000000000000025,False,False,41.8021125793457,7.549081978535899,7.5,-0.05666550593264663,False,0.46102075154234434
H030__jpeg_q35,H030,jpeg_q35,jpeg,3,scored,scored,,,clothed→model,unknown,1998.0662,0.57080469,true,0.0044039999999999635,full,whr+vTaper+shoulderHip+legTorso+symmetry,scalar,0.0,7.14,7.0,0.040000000000000036,False,False,41.860862731933594,7.556246750580973,7.5,-0.049500733887572146,False,0.46102075154234434
H030__rotate_3,H030,rotate_3,rotation_camera_like,3,scored,scored,,,clothed→model,unknown,1992.6686,0.56847636,true,0.002075669999999974,full,whr+vTaper+shoulderHip+legTorso+symmetry,scalar,0.0,7.46,7.5,0.3600000000000003,True,False,42.501922607421875,7.706896408347783,7.5,0.10114892387923735,False,0.46102075154234434
H030__perspective_mild,H030,perspective_mild,rotation_camera_like,3,scored,scored,,,clothed→model,unknown,2017.7513,0.57913823,true,0.012737539999999936,full,whr+vTaper+shoulderHip+legTorso+symmetry,scalar,0.0,7.38,7.5,0.28000000000000025,True,False,41.773414611816406,7.545601594062085,7.5,-0.06014589040646001,False,0.46102075154234434
H030__gaussian_blur_1_5,H030,gaussian_blur_1_5,rotation_camera_like,3,scored,scored,,,clothed→model,unknown,1998.6898,0.57107245,true,0.004671759999999914,full,whr+vTaper+shoulderHip+legTorso+symmetry,scalar,0.0,7.28,7.5,0.1800000000000006,True,False,42.228065490722656,7.646832519486593,7.5,0.04108503501804783,False,0.46102075154234434
T130__original,T130,original,control,4,scored,scored,,,clothed→model,unknown,1946.7277,0.54786896,true,0.0,full,whr+vTaper+shoulderHip+legTorso+symmetry,scalar,0.0,7.11,7.0,0.0,False,False,41.24612045288086,7.483785895554476,7.5,0.0,False,0.46102075154234434
T130__mirror,T130,mirror,mirror,4,scored,scored,,,clothed→model,f,1945.9914,0.54752678,true,-0.00034217999999996973,full,whr+vTaper+shoulderHip+legTorso+symmetry,scalar,0.0,7.42,7.5,0.3099999999999996,True,False,41.65845489501953,7.531784878616255,7.5,0.0479989830617793,False,0.46102075154234434
T130__crop_center_10,T130,crop_center_10,crop,4,scored,scored,,,clothed→geometry,unknown,1641.0500,0.59251964,true,0.044650680000000054,torso,whr+vTaper+shoulderHip,interval_midpoint,0.41000000000000014,6.535,6.5,-0.5750000000000002,True,True,41.4307746887207,7.504989978391826,7.5,0.021204082837350313,False,0.46110721793973375
T130__crop_legs_20,T130,crop_legs_20,crop,4,scored,scored,,,clothed→geometry,f,1639.9000,0.49042492,true,-0.057444039999999974,torso,whr+vTaper+shoulderHip,scalar,0.0,7.3,7.5,0.1899999999999995,True,True,40.12024688720703,7.417794416217718,7.5,-0.0659914793367582,False,0.32608695652173914
T130__pad_wide_black,T130,pad_wide_black,padding_aspect,4,scored,scored,,,clothed→model,f,1948.4297,0.36830977,true,-0.17955918999999998,full,whr+vTaper+shoulderHip+legTorso+symmetry,scalar,0.0,7.42,7.5,0.3099999999999996,True,False,41.302207946777344,7.490178288627091,7.5,0.006392393072615299,False,0.2456533931575996
T130__pad_tall_black,T130,pad_tall_black,padding_aspect,4,scored,scored,,,clothed→model,unknown,2038.3487,0.52853994,true,-0.01932901999999992,full,whr+vTaper+shoulderHip+legTorso+symmetry,scalar,0.0,7.47,7.5,0.35999999999999943,True,False,47.390052795410156,8.449436249427947,8.5,0.9656503538734711,True,0.58541846419327
T130__canvas_light_gray,T130,canvas_light_gray,background_canvas,4,scored,scored,,,clothed→model,f,1963.1978,0.38824299,true,-0.15962596999999995,full,whr+vTaper+shoulderHip+legTorso+symmetry,scalar,0.0,7.44,7.5,0.33000000000000007,True,False,43.4603385925293,7.8485233070870475,8.0,0.36473741153257144,True,0.4611933602512337
T130__aspect_squeeze_80,T130,aspect_squeeze_80,padding_aspect,4,scored,scored,,,clothed→model,m,1860.1792,0.60388302,true,0.05601406000000009,full,whr+vTaper+shoulderHip+legTorso+symmetry,scalar,0.0,8.86,9.0,1.7499999999999991,True,False,48.50298309326172,8.742268000455415,8.5,1.2584821049009385,True,0.5687044307347168
T130__resolution_256,T130,resolution_256,resolution,4,scored,scored,,,clothed→model,f,281.6965,0.55479886,true,0.006929900000000044,full,whr+vTaper+shoulderHip+legTorso+symmetry,scalar,0.0,7.39,7.5,0.27999999999999936,True,False,41.165130615234375,7.474627676774705,7.5,-0.00915821877977141,False,0.4609375
T130__brightness_70,T130,brightness_70,lighting,4,scored,scored,,,clothed→model,unknown,1948.6186,0.54874603,true,0.0008770700000000353,full,whr+vTaper+shoulderHip+legTorso+symmetry,scalar,0.0,7.75,7.5,0.6399999999999997,True,False,44.13758087158203,7.923450737939229,8.0,0.4396648423847527,True,0.46102075154234434
T130__brightness_130,T130,brightness_130,lighting,4,scored,scored,,,clothed→model,f,1938.9112,0.54421620,true,-0.0036527599999999216,full,whr+vTaper+shoulderHip+legTorso+symmetry,scalar,0.0,7.39,7.5,0.27999999999999936,True,False,43.95962905883789,7.903089834508263,8.0,0.4193039389537869,True,0.46102075154234434
T130__contrast_70,T130,contrast_70,lighting,4,scored,scored,,,clothed→model,f,1978.6032,0.56231937,true,0.014450410000000025,full,whr+vTaper+shoulderHip+legTorso+symmetry,scalar,0.0,7.34,7.5,0.22999999999999954,True,False,43.042388916015625,7.805442828567605,8.0,0.3216569330131289,True,0.46102075154234434
T130__contrast_130,T130,contrast_130,lighting,4,scored,scored,,,clothed→model,f,1933.4985,0.54166074,true,-0.0062082199999999865,full,whr+vTaper+shoulderHip+legTorso+symmetry,scalar,0.0,7.28,7.5,0.16999999999999993,True,False,40.35420227050781,7.429375312015134,7.5,-0.05441058353934203,False,0.46102075154234434
T130__side_lighting,T130,side_lighting,lighting,4,scored,scored,,,clothed→model,f,1946.1904,0.54761930,true,-0.0002496599999999294,full,whr+vTaper+shoulderHip+legTorso+symmetry,scalar,0.0,7.12,7.0,0.009999999999999787,False,False,40.439170837402344,7.433614148596298,7.5,-0.05017174695817772,False,0.46102075154234434
T130__jpeg_q35,T130,jpeg_q35,jpeg,4,scored,scored,,,clothed→model,unknown,1944.7600,0.54695358,true,-0.0009153799999999102,full,whr+vTaper+shoulderHip+legTorso+symmetry,scalar,0.0,7.77,8.0,0.6599999999999993,True,False,40.93824768066406,7.458877308375184,7.5,-0.024908587179291786,False,0.46102075154234434
T130__rotate_3,T130,rotate_3,rotation_camera_like,4,scored,scored,,,clothed→model,unknown,1978.9044,0.56245262,true,0.014583659999999998,full,whr+vTaper+shoulderHip+legTorso+symmetry,scalar,0.0,7.39,7.5,0.27999999999999936,True,False,41.89349365234375,7.560249571778355,7.5,0.07646367622387906,False,0.46102075154234434
T130__perspective_mild,T130,perspective_mild,rotation_camera_like,4,scored,scored,,,clothed→model,f,2002.3813,0.57265251,true,0.024783549999999988,full,whr+vTaper+shoulderHip+legTorso+symmetry,scalar,0.0,7.81,8.0,0.6999999999999993,True,False,42.277862548828125,7.661584107141911,7.5,0.1777982115874348,False,0.46102075154234434
T130__gaussian_blur_1_5,T130,gaussian_blur_1_5,rotation_camera_like,4,scored,scored,,,clothed→model,unknown,1952.2148,0.55040702,true,0.0025380600000000086,full,whr+vTaper+shoulderHip+legTorso+symmetry,scalar,0.0,7.85,8.0,0.7399999999999993,True,False,41.590065002441406,7.5236582680410375,7.5,0.0398723724865615,False,0.46102075154234434
T070__original,T070,original,control,4,scored,scored,,,clothed→model,unknown,1977.0574,0.56163468,true,0.0,full,whr+vTaper+shoulderHip+legTorso+symmetry,scalar,0.0,7.13,7.0,0.0,False,False,41.775917053222656,7.545904578062972,7.5,0.0,False,0.46102075154234434
T070__mirror,T070,mirror,mirror,4,scored,scored,,,clothed→model,unknown,1990.2730,0.56743694,true,0.005802259999999948,full,whr+vTaper+shoulderHip+legTorso+symmetry,scalar,0.0,7.5,7.5,0.3700000000000001,True,False,44.10253143310547,7.9193998425732035,8.0,0.37349526451023163,True,0.46102075154234434
T070__crop_center_10,T070,crop_center_10,crop,4,scored,refused,This body is too side-on for frontal width ratios. Use a front-facing photo.,pose-quality:profile,refused,unknown,,,,,unknown,none,none,,,,,,True,43.019447326660156,7.803140500163163,8.0,0.2572359221001914,True,0.46110721793973375
T070__crop_legs_20,T070,crop_legs_20,crop,4,scored,scored,,,clothed→geometry,f,1639.9000,0.49042492,true,-0.07120976000000007,torso,whr+vTaper+shoulderHip,scalar,0.0,7.05,7.0,-0.08000000000000007,False,True,40.7728271484375,7.450433293884608,7.5,-0.09547128417836426,False,0.32608695652173914
T070__pad_wide_black,T070,pad_wide_black,padding_aspect,4,scored,scored,,,clothed→model,m,1984.0544,0.39079076,true,-0.17084392000000004,full,whr+vTaper+shoulderHip+legTorso+symmetry,scalar,0.0,7.44,7.5,0.3100000000000005,True,False,41.763893127441406,7.544449651758012,7.5,-0.0014549263049596917,False,0.2456533931575996
T070__pad_tall_black,T070,pad_tall_black,padding_aspect,4,scored,scored,,,clothed→model,unknown,2045.1993,0.53011914,true,-0.03151554000000001,full,whr+vTaper+shoulderHip+legTorso+symmetry,scalar,0.0,7.43,7.5,0.2999999999999998,True,False,47.072837829589844,8.38552012587883,8.5,0.8396155478158587,True,0.58541846419327
T070__canvas_light_gray,T070,canvas_light_gray,background_canvas,4,scored,scored,,,clothed→model,f,1996.1508,0.39834204,true,-0.16329264000000004,full,whr+vTaper+shoulderHip+legTorso+symmetry,scalar,0.0,7.89,8.0,0.7599999999999998,True,False,43.99246597290039,7.906808802697583,8.0,0.360904224634611,True,0.4611933602512337
T070__aspect_squeeze_80,T070,aspect_squeeze_80,padding_aspect,4,scored,scored,,,clothed→model,f,1948.2671,0.63877260,true,0.07713791999999997,full,whr+vTaper+shoulderHip+legTorso+symmetry,scalar,0.0,8.21,8.0,1.080000000000001,True,False,47.613006591796875,8.49833962547727,8.5,0.9524350474142977,True,0.5687044307347168
T070__resolution_256,T070,resolution_256,resolution,4,scored,scored,,,clothed→model,f,284.2646,0.56280657,true,0.0011718899999999532,full,whr+vTaper+shoulderHip+legTorso+symmetry,scalar,0.0,7.1,7.0,-0.03000000000000025,False,False,41.83586120605469,7.553191159105881,7.5,0.007286581042909468,False,0.4609375
T070__brightness_70,T070,brightness_70,lighting,4,scored,scored,,,clothed→model,f,1978.8115,0.56241154,true,0.0007768599999999903,full,whr+vTaper+shoulderHip+legTorso+symmetry,scalar,0.0,7.39,7.5,0.2599999999999998,True,False,43.53975296020508,7.856965219974699,8.0,0.3110606419117268,True,0.46102075154234434
T070__brightness_130,T070,brightness_130,lighting,4,scored,scored,,,clothed→model,unknown,1971.0003,0.55893628,true,-0.0026984000000001007,full,whr+vTaper+shoulderHip+legTorso+symmetry,scalar,0.0,8.01,8.0,0.8799999999999999,True,False,44.26178741455078,7.937971943530025,8.0,0.392067365467053,True,0.46102075154234434
T070__contrast_70,T070,contrast_70,lighting,4,scored,scored,,,clothed→model,f,1977.4788,0.56182150,true,0.00018681999999992094,full,whr+vTaper+shoulderHip+legTorso+symmetry,scalar,0.0,7.39,7.5,0.2599999999999998,True,False,42.978057861328125,7.795341723468823,8.0,0.24943714540585127,True,0.46102075154234434
T070__contrast_130,T070,contrast_130,lighting,4,scored,scored,,,clothed→model,m,1979.1920,0.56257976,true,0.0009450799999999315,full,whr+vTaper+shoulderHip+legTorso+symmetry,scalar,0.0,7.4,7.5,0.27000000000000046,True,False,41.370750427246094,7.498046971923789,7.5,-0.047857606139182884,False,0.46102075154234434
T070__side_lighting,T070,side_lighting,lighting,4,scored,scored,,,clothed→model,f,1980.1881,0.56301971,true,0.0013850299999998983,full,whr+vTaper+shoulderHip+legTorso+symmetry,scalar,0.0,7.16,7.0,0.03000000000000025,False,False,42.00231170654297,7.582772524842329,7.5,0.03686794677935712,False,0.46102075154234434
T070__jpeg_q35,T070,jpeg_q35,jpeg,4,scored,scored,,,clothed→model,f,1967.3659,0.55730515,true,-0.004329530000000026,full,whr+vTaper+shoulderHip+legTorso+symmetry,scalar,0.0,7.41,7.5,0.28000000000000025,True,False,41.660701751708984,7.532053030841224,7.5,-0.013851547221747751,False,0.46102075154234434
T070__rotate_3,T070,rotate_3,rotation_camera_like,4,scored,scored,,,clothed→model,unknown,1996.3172,0.57005230,true,0.008417619999999904,full,whr+vTaper+shoulderHip+legTorso+symmetry,scalar,0.0,7.47,7.5,0.33999999999999986,True,False,42.98567199707031,7.796832228961434,8.0,0.25092765089846214,True,0.46102075154234434
T070__perspective_mild,T070,perspective_mild,rotation_camera_like,4,scored,scored,,,clothed→model,unknown,2018.2968,0.57936573,true,0.01773104999999997,full,whr+vTaper+shoulderHip+legTorso+symmetry,scalar,0.0,7.42,7.5,0.29000000000000004,True,False,42.629188537597656,7.729673892678604,7.5,0.18376931461563206,False,0.46102075154234434
T070__gaussian_blur_1_5,T070,gaussian_blur_1_5,rotation_camera_like,4,scored,scored,,,clothed→model,unknown,1983.9406,0.56467120,true,0.003036519999999987,full,whr+vTaper+shoulderHip+legTorso+symmetry,scalar,0.0,7.3,7.5,0.16999999999999993,True,False,41.92982482910156,7.5647262086468245,7.5,0.018821630583852667,False,0.46102075154234434
T040__original,T040,original,control,4,scored,scored,,,clothed→model,unknown,1991.9373,0.56815948,true,0.0,full,whr+vTaper+shoulderHip+legTorso+symmetry,scalar,0.0,7.4,7.5,0.0,False,False,41.96918869018555,7.573732901907935,7.5,0.0,False,0.46102075154234434
T040__mirror,T040,mirror,mirror,4,scored,scored,,,clothed→model,f,1988.7474,0.56677302,true,-0.0013864600000000893,full,whr+vTaper+shoulderHip+legTorso+symmetry,scalar,0.0,7.48,7.5,0.08000000000000007,False,False,43.93872833251953,7.900731510747768,8.0,0.32699860883983334,True,0.46102075154234434
T040__crop_center_10,T040,crop_center_10,crop,4,scored,scored,,,clothed→geometry,unknown,1641.0500,0.59251964,true,0.024360159999999964,torso,whr+vTaper+shoulderHip,interval_midpoint,0.33000000000000007,6.535,6.5,-0.8650000000000002,True,True,42.604881286621094,7.725277836518106,7.5,0.15154493461017093,False,0.46110721793973375
T040__crop_legs_20,T040,crop_legs_20,crop,4,scored,scored,,,clothed→geometry,unknown,1639.9000,0.49042492,true,-0.07773456000000006,torso,whr+vTaper+shoulderHip,interval_midpoint,0.6600000000000001,6.55,6.5,-0.8500000000000005,True,True,40.551246643066406,7.439232542253739,7.5,-0.13450035965419538,False,0.32608695652173914
T040__pad_wide_black,T040,pad_wide_black,padding_aspect,4,scored,scored,,,clothed→model,unknown,1993.7617,0.39670858,true,-0.17145090000000007,full,whr+vTaper+shoulderHip+legTorso+symmetry,scalar,0.0,7.39,7.5,-0.010000000000000675,False,False,42.01618957519531,7.586585885731907,7.5,0.012852983823972153,False,0.2456533931575996
T040__pad_tall_black,T040,pad_tall_black,padding_aspect,4,scored,scored,,,clothed→model,unknown,2021.8851,0.52470098,true,-0.043458500000000067,full,whr+vTaper+shoulderHip+legTorso+symmetry,scalar,0.0,7.2,7.0,-0.20000000000000018,True,False,47.4511833190918,8.46248826707728,8.5,0.8887553651693452,True,0.58541846419327
T040__canvas_light_gray,T040,canvas_light_gray,background_canvas,4,scored,refused,This body is too side-on for frontal width ratios. Use a front-facing photo.,pose-quality:profile,refused,unknown,,,,,unknown,none,none,,,,,,True,43.58257293701172,7.861552867369498,8.0,0.28781996546156297,True,0.4611933602512337
T040__aspect_squeeze_80,T040,aspect_squeeze_80,padding_aspect,4,scored,refused,This body is too side-on for frontal width ratios. Use a front-facing photo.,pose-quality:profile,refused,unknown,,,,,unknown,none,none,,,,,,True,47.74894714355469,8.530054164644708,8.5,0.9563212627367736,True,0.5687044307347168
T040__resolution_256,T040,resolution_256,resolution,4,scored,scored,,,clothed→model,f,284.7809,0.56439043,true,-0.0037690500000000515,full,whr+vTaper+shoulderHip+legTorso+symmetry,scalar,0.0,7.21,7.0,-0.1900000000000004,True,False,42.07077407836914,7.601736910941607,7.5,0.028004009033672617,False,0.4609375
T040__brightness_70,T040,brightness_70,lighting,4,scored,scored,,,clothed→model,unknown,1987.9008,0.56640394,true,-0.0017555399999999999,full,whr+vTaper+shoulderHip+legTorso+symmetry,scalar,0.0,7.44,7.5,0.040000000000000036,False,False,43.36622619628906,7.838628261402593,8.0,0.26489535949465814,True,0.46102075154234434
T040__brightness_130,T040,brightness_130,lighting,4,scored,scored,,,clothed→model,unknown,1991.6490,0.56803445,true,-0.00012503000000008146,full,whr+vTaper+shoulderHip+legTorso+symmetry,scalar,0.0,7.69,7.5,0.29000000000000004,False,False,44.19017791748047,7.929568063554887,8.0,0.3558351616469526,True,0.46102075154234434
T040__contrast_70,T040,contrast_70,lighting,4,scored,scored,,,clothed→model,unknown,1979.3387,0.56264461,true,-0.0055148700000000606,full,whr+vTaper+shoulderHip+legTorso+symmetry,scalar,0.0,7.42,7.5,0.019999999999999574,False,False,43.01746368408203,7.802941721879048,8.0,0.2292088199711131,True,0.46102075154234434
T040__contrast_130,T040,contrast_130,lighting,4,scored,scored,,,clothed→model,unknown,1993.7533,0.56894581,true,0.0007863299999999462,full,whr+vTaper+shoulderHip+legTorso+symmetry,scalar,0.0,7.46,7.5,0.05999999999999961,False,False,41.71715545654297,7.538815137195488,7.5,-0.03491776471244634,False,0.46102075154234434
T040__side_lighting,T040,side_lighting,lighting,4,scored,scored,,,clothed→model,f,1995.6643,0.56977094,true,0.001611459999999898,full,whr+vTaper+shoulderHip+legTorso+symmetry,scalar,0.0,7.5,7.5,0.09999999999999964,False,False,42.16542053222656,7.628607014882178,7.5,0.05487411297424316,False,0.46102075154234434
T040__jpeg_q35,T040,jpeg_q35,jpeg,4,scored,scored,,,clothed→model,unknown,1992.0152,0.56819324,true,3.3759999999993795e-05,full,whr+vTaper+shoulderHip+legTorso+symmetry,scalar,0.0,7.44,7.5,0.040000000000000036,False,False,41.79063034057617,7.547687935710281,7.5,-0.026044966197654063,False,0.46102075154234434
T040__rotate_3,T040,rotate_3,rotation_camera_like,4,scored,scored,,,clothed→model,unknown,1991.3905,0.56792230,true,-0.000237180000000059,full,whr+vTaper+shoulderHip+legTorso+symmetry,scalar,0.0,7.48,7.5,0.08000000000000007,False,False,43.0875244140625,7.8099907386461425,8.0,0.23625783673820777,True,0.46102075154234434
T040__perspective_mild,T040,perspective_mild,rotation_camera_like,4,scored,scored,,,clothed→model,unknown,2011.0295,0.57632011,true,0.008160630000000002,full,whr+vTaper+shoulderHip+legTorso+symmetry,scalar,0.0,7.44,7.5,0.040000000000000036,False,False,43.072357177734375,7.808459750018365,8.0,0.2347268481104301,True,0.46102075154234434
T040__gaussian_blur_1_5,T040,gaussian_blur_1_5,rotation_camera_like,4,scored,scored,,,clothed→model,unknown,1994.9183,0.56944911,true,0.0012896299999999306,full,whr+vTaper+shoulderHip+legTorso+symmetry,scalar,0.0,7.49,7.5,0.08999999999999986,False,False,42.154876708984375,7.625574706193124,7.5,0.05184180428518914,False,0.46102075154234434
