image_id,filename,image_sha256,source_image_id,source_filename,transform,transform_family,label_quartile,baseline_outcome,attractiveness_mean,identity_group,width,height,timestamp,outcome,refusal,cause,pose_warning,sil_retry,routing,attempted_route,final_route,model_scheduled,skin_frac,framing,person_frac,override,crop_side_px,crop_padding_fraction,crop_outside,gate_band,gate_tilt,gate_yaw,skel_symmetry,model_raw,geom_bp_m,geom_cv_m,geom_bp_f,geom_cv_f,geom_cues,public_score,bp,bp_continuous,bp_band,cv,cv_continuous,cv_band,sex,sex_conf,sex_source,reliability,tier0_ffmi,tier0_bf,crosscheck,storage_invariant
T290__original,T290__original.jpg,e73e3766f0b877c84a0b2bd9247fa6e2ff5f0577a2b3ba3418417c8849038da0,T290,T290.jpg,original,control,1,scored,1.51,T290,961,1783,,scored,,,,0,clothed→model,model,model,true,9%,full,0.927,,1900.5563,0.52733519,true,pass,0.0244,19.6,0.0257,44.616,48.03,60.90,77.92,74.57,whr+vTaper+shoulderHip+legTorso+symmetry,8.00,8.00,7.98,6.96–10.00,8.00,7.98,6.96–10.00,unknown,56%,unconfirmed,,,,,true
T290__mirror,T290__mirror.jpg,e32a1002cfbfbdf04cfcdfa9ce36ff7ef22006f96697738fcd5ef6619eae7dfd,T290,T290.jpg,mirror,mirror,1,scored,1.51,T290,961,1783,,scored,,,,0,clothed→model,model,model,true,9%,full,0.942,,1931.9505,0.54092595,true,pass,0.0267,10.5,0.0271,43.111,49.45,62.57,80.03,77.48,whr+vTaper+shoulderHip+legTorso+symmetry,8.00,8.00,7.81,6.90–10.00,8.00,7.81,6.90–10.00,f,,guess,,,,,true
T290__crop_center_10,T290__crop_center_10.jpg,d46d5b80d469ec462c7dfbd951e585f50a830fed36efaa08399f9d5bf1987c96,T290,T290.jpg,crop_center_10,crop,1,scored,1.51,T290,769,1427,,refused,"No body found — use a clear, full-body, front-facing photo.",no-body,,0,,,,false,,,,,,,,,,,,,,,,,,,,,,,,,,,,,,,,true
T290__crop_legs_20,T290__crop_legs_20.jpg,3f7ba4f477caead6e718dc63e4a529389830b90042482f405bc98f3f1b53ba91,T290,T290.jpg,crop_legs_20,crop,1,scored,1.51,T290,961,1426,,scored,,,,0,clothed→geometry,geometry,geometry,false,6%,torso,1.000,framing,1639.9000,0.49042492,true,degraded,0.0446,24.3,,,39.86,55.95,77.56,75.34,whr+vTaper+shoulderHip,7.50,7.50,7.28,5.49–10.00,7.50,7.28,5.49–10.00,f,,guess,non-standard framing: the photo is cropped above the feet — the score scale was calibrated on full-body shots — scored anyway at reduced accuracy,,,,true
T290__pad_wide_black,T290__pad_wide_black.jpg,a0bd8a77a7a345520534cb9b2db990786bbfc9ed971d9af7e2914503358d3fe1,T290,T290.jpg,pad_wide_black,padding_aspect,1,scored,1.51,T290,1345,1783,,scored,,,,0,clothed→model,model,model,true,9%,full,0.932,,1910.0290,0.34265451,true,pass,0.0138,2.3,0.0248,42.995,44.26,59.49,46.29,46.82,whr+vTaper+shoulderHip+legTorso+symmetry,8.00,8.00,7.80,6.89–10.00,8.00,7.80,6.89–10.00,unknown,52%,unconfirmed,,,,,true
T290__pad_tall_black,T290__pad_tall_black.jpg,9b05c9f2599254795836994fc1bb505c4fd9bf9befc283c37b9161c348a4bdc6,T290,T290.jpg,pad_tall_black,padding_aspect,1,scored,1.51,T290,961,2318,,scored,,,,0,clothed→model,model,model,true,8%,full,0.728,,1940.1246,0.50467099,true,pass,0.0365,16.1,0.0290,44.273,47.10,59.65,77.66,74.54,whr+vTaper+shoulderHip+legTorso+symmetry,8.00,8.00,7.94,6.95–10.00,8.00,7.94,6.95–10.00,f,,guess,,,,,true
T290__canvas_light_gray,T290__canvas_light_gray.jpg,e41caaa64990ccf2f53467f58f5b695198706a4e6d57a8c8e587cf34d39ca03d,T290,T290.jpg,canvas_light_gray,background_canvas,1,scored,1.51,T290,1201,2229,,scored,,,,0,clothed→model,model,model,true,8%,full,0.762,,1952.2233,0.38480397,true,pass,0.0266,19.1,0.0287,44.899,43.87,56.27,76.69,75.42,whr+vTaper+shoulderHip+legTorso+symmetry,8.00,8.00,8.02,6.98–10.00,8.00,8.02,6.98–10.00,unknown,55%,unconfirmed,,,,,true
T290__aspect_squeeze_80,T290__aspect_squeeze_80.jpg,30bd645c3a3196977805c6d61065c930d420ff9bf0c03d1f479bd1487d8d4d8a,T290,T290.jpg,aspect_squeeze_80,padding_aspect,1,scored,1.51,T290,769,1783,,scored,,,,0,clothed→model,model,model,true,7%,full,0.807,,1653.7229,0.55700679,true,pass,0.0390,25.9,0.0288,46.369,47.43,59.44,76.38,71.71,whr+vTaper+shoulderHip+legTorso+symmetry,8.00,8.00,8.25,7.05–10.00,8.00,8.25,7.05–10.00,unknown,56%,unconfirmed,,,,,true
T290__resolution_256,T290__resolution_256.jpg,e6f8559323fab71d8b7e17f82ea5c1b1612cc8a1c2af0909076feacdfe3f7191,T290,T290.jpg,resolution_256,resolution,1,scored,1.51,T290,138,256,,scored,,,,0,clothed→model,model,model,true,10%,full,0.903,,265.9284,0.51490704,true,pass,0.0177,15.3,0.0153,43.748,49.82,63.00,77.49,72.99,whr+vTaper+shoulderHip+legTorso+symmetry,8.00,8.00,7.88,6.92–10.00,8.00,7.88,6.92–10.00,f,,guess,,,,,true
T290__brightness_70,T290__brightness_70.jpg,9852ddc10899a45d46a293cfce7606ec67f9e9981557f8900d92bb82c3dcfc7e,T290,T290.jpg,brightness_70,lighting,1,scored,1.51,T290,961,1783,,scored,,,,0,clothed→model,model,model,true,9%,full,0.930,,1905.9727,0.52867840,true,pass,0.0201,0.3,0.0175,45.839,48.57,61.59,78.46,75.26,whr+vTaper+shoulderHip+legTorso+symmetry,8.00,8.00,8.16,7.02–10.00,8.00,8.16,7.02–10.00,f,,guess,,,,,true
T290__brightness_130,T290__brightness_130.jpg,0e2f41897555a2ea8443be1f68faa431aa4c73b3f8971341706d29c6f6db1d39,T290,T290.jpg,brightness_130,lighting,1,scored,1.51,T290,961,1783,,scored,,,,0,clothed→model,model,model,true,9%,full,0.912,,1870.7301,0.51979921,true,pass,0.0282,6.3,0.0259,43.752,50.14,63.39,80.04,77.07,whr+vTaper+shoulderHip+legTorso+symmetry,8.00,8.00,7.88,6.92–10.00,8.00,7.88,6.92–10.00,unknown,65%,unconfirmed,,,,,true
T290__contrast_70,T290__contrast_70.jpg,c2dedf26e312b7a913e7117c83b0adbea0ccd2b71dab19c70aa46e99eba10cf3,T290,T290.jpg,contrast_70,lighting,1,scored,1.51,T290,961,1783,,scored,,,,0,clothed→model,model,model,true,9%,full,0.929,,1904.5811,0.52833404,true,pass,0.0235,18.4,0.0157,44.640,49.02,61.99,79.58,76.88,whr+vTaper+shoulderHip+legTorso+symmetry,8.00,8.00,7.99,6.96–10.00,8.00,7.99,6.96–10.00,f,,guess,,,,,true
T290__contrast_130,T290__contrast_130.jpg,7caaefe793996e811bcfa6b3f440eec090d1498781675879372b43f2ed0a86b5,T290,T290.jpg,contrast_130,lighting,1,scored,1.51,T290,961,1783,,scored,,,,0,clothed→model,model,model,true,9%,full,0.898,,1841.4735,0.51216996,true,pass,0.0182,7.6,0.0226,41.607,48.61,62.03,78.95,76.78,whr+vTaper+shoulderHip+legTorso+symmetry,7.50,7.50,7.53,6.76–10.00,7.50,7.53,6.76–10.00,unknown,55%,unconfirmed,,,,,true
T290__side_lighting,T290__side_lighting.jpg,1feabd395a2bf0736f0bb15e06a90f3d5435dd1ee93c5e4e27fdcb5bc96942fc,T290,T290.jpg,side_lighting,lighting,1,scored,1.51,T290,961,1783,,scored,,,,0,clothed→model,model,model,true,9%,full,0.922,,1891.3563,0.52503605,true,pass,0.0199,15.2,0.0150,43.204,48.77,61.70,79.33,76.59,whr+vTaper+shoulderHip+legTorso+symmetry,8.00,8.00,7.82,6.90–10.00,8.00,7.82,6.90–10.00,f,,guess,,,,,true
T290__jpeg_q35,T290__jpeg_q35.jpg,d61ba75e42b8c35adbad01189ede3a3a5cc58a4e1bac3ce40e10b704b4eedab3,T290,T290.jpg,jpeg_q35,jpeg,1,scored,1.51,T290,961,1783,,scored,,,,0,clothed→model,model,model,true,9%,full,0.926,,1899.6881,0.52711916,true,pass,0.0190,0.7,0.0192,44.237,48.53,61.82,79.00,76.65,whr+vTaper+shoulderHip+legTorso+symmetry,8.00,8.00,7.94,6.95–10.00,8.00,7.94,6.95–10.00,unknown,56%,unconfirmed,,,,,true
T290__rotate_3,T290__rotate_3.jpg,feda15d850f6bc6547f0368433d9eccaf491455f92e73f69d2d6b405c65b967b,T290,T290.jpg,rotate_3,rotation_camera_like,1,scored,1.51,T290,961,1783,,refused,This body is too side-on for frontal width ratios. Use a front-facing photo.,pose-quality:profile,This body is too side-on for frontal width ratios. Use a front-facing photo.,0,,,,false,,,,,,,,profile,,,,,,,,,,,,,,,,,,,,,,,,true
T290__perspective_mild,T290__perspective_mild.jpg,ea6b185ce6a5712ed20dc06663715890bc94757dfda7d13fa8a88c3f5061d1a8,T290,T290.jpg,perspective_mild,rotation_camera_like,1,scored,1.51,T290,961,1783,,scored,,,,0,clothed→model,model,model,true,9%,full,0.936,,1919.3816,0.53489388,true,pass,0.0212,13.5,0.0218,43.264,47.85,60.75,78.38,75.56,whr+vTaper+shoulderHip+legTorso+symmetry,8.00,8.00,7.83,6.90–10.00,8.00,7.83,6.90–10.00,f,,guess,,,,,true
T290__gaussian_blur_1_5,T290__gaussian_blur_1_5.jpg,f09273451fd0bc065836dbb7b5acb0b949bd5d5895ba5813b42b35ce1480089f,T290,T290.jpg,gaussian_blur_1_5,rotation_camera_like,1,scored,1.51,T290,961,1783,,scored,,,,0,clothed→model,model,model,true,9%,full,0.931,,1908.2967,0.52947478,true,pass,0.0181,2.5,0.0503,42.869,48.71,61.61,78.07,74.40,whr+vTaper+shoulderHip+legTorso+symmetry,8.00,8.00,7.77,6.88–10.00,8.00,7.77,6.88–10.00,f,,guess,,,,,true
H260__original,H260__original.jpg,ee27b45c30697a218c7bcaedc76ee50c2fd71cf2d2e830d585602c396250698f,H260,H260.jpg,original,control,1,refused,1.27,H260,961,1783,,refused,"No body found — use a clear, full-body, front-facing photo.",no-body,,0,,,,false,,,,,,,,,,,,,,,,,,,,,,,,,,,,,,,,true
H260__mirror,H260__mirror.jpg,391f9cb3182cdbf7f80b6817ad64f59ca61f8c09b84a84b323c04edb996b70e9,H260,H260.jpg,mirror,mirror,1,refused,1.27,H260,961,1783,,refused,This body is too side-on for frontal width ratios. Use a front-facing photo.,pose-quality:profile,This body is too side-on for frontal width ratios. Use a front-facing photo.,0,,,,false,,,,,,,,profile,,,,,,,,,,,,,,,,,,,,,,,,true
H260__crop_center_10,H260__crop_center_10.jpg,ada5088e099bade0c0dfbde7fbd856010f785bb64abe06e0e5204db7a508261d,H260,H260.jpg,crop_center_10,crop,1,refused,1.27,H260,769,1427,,refused,"No body found — use a clear, full-body, front-facing photo.",no-body,,0,,,,false,,,,,,,,,,,,,,,,,,,,,,,,,,,,,,,,true
H260__crop_legs_20,H260__crop_legs_20.jpg,86ee149e699e846202a85d665de3b1ce2f9a5e4bbe0e6de838d3794c79927090,H260,H260.jpg,crop_legs_20,crop,1,refused,1.27,H260,961,1426,,scored,,,,0,clothed→geometry,geometry,geometry,false,0%,torso,0.863,framing,1415.7737,0.36548752,true,degraded,0.1423,39.1,,,10.02,16.99,6.34,4.57,whr+vTaper+shoulderHip,3.50,3.50,3.56,1.00–5.44,3.50,3.56,1.00–5.44,m,80%,model,non-standard framing: the photo is cropped above the feet — the score scale was calibrated on full-body shots — scored anyway at reduced accuracy,,,,true
H260__pad_wide_black,H260__pad_wide_black.jpg,9772f0f5e266e499f43031a0674d3de235f29d01ad1ec3bfcc5274b49126ca10,H260,H260.jpg,pad_wide_black,padding_aspect,1,refused,1.27,H260,1345,1783,,scored,,waist-occluded,,0,clothed→model,model,model,true,0%,full,0.939,,1924.5322,0.35252458,true,pass,0.1332,14.1,0.0816,35.620,27.32,37.47,27.60,37.65,shoulderHip+legTorso+symmetry,7.00,7.00,6.95,6.40–7.96,7.00,6.95,6.40–7.96,f,100%,model,"an arm covered part of your waist or hips, so that cue was skipped — arms a few inches out reads the full frame",,,,true
H260__pad_tall_black,H260__pad_tall_black.jpg,f5885efee0a13e706658c83e4c4070b1e03023dbe2937d0b478a4cd9d34c422c,H260,H260.jpg,pad_tall_black,padding_aspect,1,refused,1.27,H260,961,2318,,scored,,waist-occluded,,0,clothed→model,model,model,true,0%,full,0.713,,1901.7447,0.49467455,true,pass,0.0209,18.4,0.0355,34.360,85.28,79.77,85.28,79.77,legTorso+symmetry,7.00,7.00,6.85,6.32–7.70,7.00,6.85,6.32–7.70,f,94%,model,"an arm covered part of your waist or hips, so that cue was skipped — arms a few inches out reads the full frame",,,,true
H260__canvas_light_gray,H260__canvas_light_gray.jpg,461986d984c8051cb072be033a1f6a2970e8639d10554ce9eaa2b562a454de2c,H260,H260.jpg,canvas_light_gray,background_canvas,1,refused,1.27,H260,1201,2229,,refused,This body is too side-on for frontal width ratios. Use a front-facing photo.,pose-quality:profile,This body is too side-on for frontal width ratios. Use a front-facing photo.,0,,,,false,,,,,,,,profile,,,,,,,,,,,,,,,,,,,,,,,,true
H260__aspect_squeeze_80,H260__aspect_squeeze_80.jpg,59e9138a40d168c974cb907f9f950637ede1afdbe49bfdb1bea26ded67984b23,H260,H260.jpg,aspect_squeeze_80,padding_aspect,1,refused,1.27,H260,769,1783,,scored,,,,0,clothed→geometry,geometry,geometry,false,0%,torso,0.977,framing,2004.1800,0.65864660,true,degraded,0.0270,2.6,,,3.05,3.05,5.31,5.31,vTaper,3.00,3.00,2.94,1.00–5.27,3.00,2.94,1.00–5.27,f,97%,model,"non-standard framing: the photo is cropped above the feet — the score scale was calibrated on full-body shots — scored anyway at reduced accuracy · an arm covered part of your waist or hips, so that cue was skipped — arms a few inches out reads the full frame",,,,true
H260__resolution_256,H260__resolution_256.jpg,43217f94527e08facb6dbf6940f57d90ad35d217482741c2858235636c6e9a1d,H260,H260.jpg,resolution_256,resolution,1,refused,1.27,H260,138,256,,refused,This body is too side-on for frontal width ratios. Use a front-facing photo.,pose-quality:profile,This body is too side-on for frontal width ratios. Use a front-facing photo.,0,,,,false,,,,,,,,profile,,,,,,,,,,,,,,,,,,,,,,,,true
H260__brightness_70,H260__brightness_70.jpg,f9be1158953a75460dd06ad5d938b1346654839b462be288267322a2c9b954f7,H260,H260.jpg,brightness_70,lighting,1,refused,1.27,H260,961,1783,,refused,"No body found — use a clear, full-body, front-facing photo.",no-body,,0,,,,false,,,,,,,,,,,,,,,,,,,,,,,,,,,,,,,,true
H260__brightness_130,H260__brightness_130.jpg,c7be9d7d22e76982687239473dd0f3d694bbf732181cb41846eb030e95daddc2,H260,H260.jpg,brightness_130,lighting,1,refused,1.27,H260,961,1783,,refused,This body is too side-on for frontal width ratios. Use a front-facing photo.,pose-quality:profile,This body is too side-on for frontal width ratios. Use a front-facing photo.,0,,,,false,,,,,,,,profile,,,,,,,,,,,,,,,,,,,,,,,,true
H260__contrast_70,H260__contrast_70.jpg,edb0cab89767279cc3c09df2ce4f5ea1d03c16337e35a70de7394df4855f8b54,H260,H260.jpg,contrast_70,lighting,1,refused,1.27,H260,961,1783,,refused,"No body found — use a clear, full-body, front-facing photo.",no-body,,0,,,,false,,,,,,,,,,,,,,,,,,,,,,,,,,,,,,,,true
H260__contrast_130,H260__contrast_130.jpg,c4e960820624cd35cdb02cbe7bbefbf4f860de5159d111ffcd6fd0d852856900,H260,H260.jpg,contrast_130,lighting,1,refused,1.27,H260,961,1783,,refused,"No body found — use a clear, full-body, front-facing photo.",no-body,,0,,,,false,,,,,,,,,,,,,,,,,,,,,,,,,,,,,,,,true
H260__side_lighting,H260__side_lighting.jpg,012d0508c1009433a19a518960ae37b907e238a36dcfe2b2c244e82c189d6425,H260,H260.jpg,side_lighting,lighting,1,refused,1.27,H260,961,1783,,refused,"No body found — use a clear, full-body, front-facing photo.",no-body,,0,,,,false,,,,,,,,,,,,,,,,,,,,,,,,,,,,,,,,true
H260__jpeg_q35,H260__jpeg_q35.jpg,0f7a8f23af756c501769773f7fe2525bdd1bbba5e53a374ab6dd7c48d06670d2,H260,H260.jpg,jpeg_q35,jpeg,1,refused,1.27,H260,961,1783,,scored,,waist-occluded,,0,clothed→model,model,model,true,0%,full,0.911,,1868.2399,0.50908142,true,pass,0.0462,23.4,0.1021,38.787,69.64,65.48,69.64,65.48,legTorso+symmetry,7.00,7.00,7.24,6.60–10.00,7.00,7.24,6.60–10.00,unknown,53%,unconfirmed,"an arm covered part of your waist or hips, so that cue was skipped — arms a few inches out reads the full frame",,,,true
H260__rotate_3,H260__rotate_3.jpg,f7958398bb89eeca5dcbd1b125cd98360ad77f0cbdfa08abc3b30507f68c221a,H260,H260.jpg,rotate_3,rotation_camera_like,1,refused,1.27,H260,961,1783,,scored,,,,0,clothed→model,model,model,true,0%,full,0.865,,1774.3668,0.47836407,true,pass,0.0173,24.4,0.1125,35.372,28.94,39.45,30.31,40.37,vTaper+legTorso+symmetry,7.00,7.00,6.93,6.39–7.90,7.00,6.93,6.39–7.90,unknown,60%,unconfirmed,"an arm covered part of your waist or hips, so that cue was skipped — arms a few inches out reads the full frame",,,,true
H260__perspective_mild,H260__perspective_mild.jpg,98c295474cceec874feb6ad2fc385105247dc6b9bacf61d0c1a377cc3c639254,H260,H260.jpg,perspective_mild,rotation_camera_like,1,refused,1.27,H260,961,1783,,refused,This body is too side-on for frontal width ratios. Use a front-facing photo.,pose-quality:profile,This body is too side-on for frontal width ratios. Use a front-facing photo.,0,,,,false,,,,,,,,profile,,,,,,,,,,,,,,,,,,,,,,,,true
H260__gaussian_blur_1_5,H260__gaussian_blur_1_5.jpg,df80399a53f91221997962093b44fe2f4f4cf35821080f93b72788bce6c0aab1,H260,H260.jpg,gaussian_blur_1_5,rotation_camera_like,1,refused,1.27,H260,961,1783,,refused,This body is too side-on for frontal width ratios. Use a front-facing photo.,pose-quality:profile,This body is too side-on for frontal width ratios. Use a front-facing photo.,0,,,,false,,,,,,,,profile,,,,,,,,,,,,,,,,,,,,,,,,true
H230__original,H230__original.jpg,372560b4e33d049f88869545ad117a26ddc457dc1184087ad3f211072d9b092f,H230,H230.jpg,original,control,1,scored,1.48,H230,961,1783,,scored,,waist-occluded,,0,clothed→model,model,model,true,0%,full,0.941,,1929.2555,0.53964249,true,pass,0.0210,11.1,0.0358,36.801,85.02,79.54,85.02,79.54,legTorso+symmetry,7.00,7.00,7.08,6.49–8.39,7.00,7.08,6.49–8.39,unknown,52%,unconfirmed,"an arm covered part of your waist or hips, so that cue was skipped — arms a few inches out reads the full frame",,,,true
H230__mirror,H230__mirror.jpg,da61e42fd496558200fcc52433b359d6fc146e66820b9b7d393fe299f58798b1,H230,H230.jpg,mirror,mirror,1,scored,1.48,H230,961,1783,,scored,,waist-occluded,,0,clothed→model,model,model,true,0%,full,0.945,,1938.4788,0.54401284,true,pass,0.0410,2.2,0.0391,38.559,84.60,79.13,84.60,79.13,legTorso+symmetry,7.00,7.00,7.20,6.57–9.49,7.00,7.20,6.57–9.49,f,97%,model,"an arm covered part of your waist or hips, so that cue was skipped — arms a few inches out reads the full frame",,,,true
H230__crop_center_10,H230__crop_center_10.jpg,ac1467ace68f0acc042a692074928dbd97d569402efd6c41c2339ba0c338c83e,H230,H230.jpg,crop_center_10,crop,1,scored,1.48,H230,769,1427,,refused,"No body found — use a clear, full-body, front-facing photo.",no-body,,0,,,,false,,,,,,,,,,,,,,,,,,,,,,,,,,,,,,,,true
H230__crop_legs_20,H230__crop_legs_20.jpg,a8552ff049a5b49071bc626c6de170f350c01846357bbdf3bcb092669462420a,H230,H230.jpg,crop_legs_20,crop,1,scored,1.48,H230,961,1426,,scored,,,,0,clothed→geometry,geometry,geometry,false,0%,torso,0.886,framing,1453.1377,0.38180249,true,degraded,0.0375,29.1,,,3.62,3.62,6.45,6.45,vTaper,3.00,3.00,2.99,1.00–5.28,3.00,2.99,1.00–5.28,f,,guess,"non-standard framing: the photo is cropped above the feet — the score scale was calibrated on full-body shots — scored anyway at reduced accuracy · an arm covered part of your waist or hips, so that cue was skipped — arms a few inches out reads the full frame",,,,true
H230__pad_wide_black,H230__pad_wide_black.jpg,e52534af6a47ff2481bc420eaa52b9e8cd5095ebec7995a92e68bff62c524761,H230,H230.jpg,pad_wide_black,padding_aspect,1,scored,1.48,H230,1345,1783,,scored,,waist-occluded,,0,clothed→model,model,model,true,0%,full,0.949,,1946.3051,0.36692989,true,pass,0.0277,10.8,0.0252,36.061,38.34,51.46,38.81,51.76,shoulderHip+legTorso+symmetry,7.00,7.00,7.00,6.44–8.10,7.00,7.00,6.44–8.10,f,,guess,"an arm covered part of your waist or hips, so that cue was skipped — arms a few inches out reads the full frame",,,,true
H230__pad_tall_black,H230__pad_tall_black.jpg,6748ef8a4a8bc10ee553e2a45d4d19379aab6737ba8a79f91840f855ee7add58,H230,H230.jpg,pad_tall_black,padding_aspect,1,scored,1.48,H230,961,2318,,refused,This body is too side-on for frontal width ratios. Use a front-facing photo.,pose-quality:profile,This body is too side-on for frontal width ratios. Use a front-facing photo.,0,,,,false,,,,,,,,profile,,,,,,,,,,,,,,,,,,,,,,,,true
H230__canvas_light_gray,H230__canvas_light_gray.jpg,b3916a47563510d76bc8ddcfd328912cd6450d74a52dde09925ebacf1fe70847,H230,H230.jpg,canvas_light_gray,background_canvas,1,scored,1.48,H230,1201,2229,,scored,,waist-occluded,,0,clothed→model,model,model,true,0%,full,0.730,,1871.5433,0.35828360,true,pass,0.0592,12.7,0.0471,36.761,80.12,75.25,80.12,75.25,legTorso+symmetry,7.00,7.00,7.08,6.49–8.38,7.00,7.08,6.49–8.38,unknown,65%,unconfirmed,"an arm covered part of your waist or hips, so that cue was skipped — arms a few inches out reads the full frame",,,,true
H230__aspect_squeeze_80,H230__aspect_squeeze_80.jpg,c378a2c62d951f797a3addaf6a1ab7f857ce19a05446dc95d9cb20fd0c0b12e4,H230,H230.jpg,aspect_squeeze_80,padding_aspect,1,scored,1.48,H230,769,1783,,scored,,,,0,clothed→model,model,model,true,0%,full,0.972,,1992.8040,0.65473821,true,pass,0.0047,9.6,0.0216,35.867,36.09,49.42,37.47,50.33,vTaper+legTorso+symmetry,7.00,7.00,6.98,6.42–8.03,7.00,6.98,6.42–8.03,f,,guess,"an arm covered part of your waist or hips, so that cue was skipped — arms a few inches out reads the full frame",,,,true
H230__resolution_256,H230__resolution_256.jpg,8d981d730e247c1b950758af5effa2ebfe7710b4ef6b33b635cd03a80869abcb,H230,H230.jpg,resolution_256,resolution,1,scored,1.48,H230,138,256,,scored,,waist-occluded,,0,clothed→model,model,model,true,0%,full,0.865,,254.7652,0.47024644,true,pass,0.1254,22.4,0.1117,40.107,77.09,71.51,77.09,71.51,legTorso+symmetry,7.50,7.50,7.42,6.70–10.00,7.50,7.42,6.70–10.00,unknown,,unknown,"an arm covered part of your waist or hips, so that cue was skipped — arms a few inches out reads the full frame",,,,true
H230__brightness_70,H230__brightness_70.jpg,abab31d6c9eb21e202d7072c09d334d5182b3451118b476e0ed8cce9376970af,H230,H230.jpg,brightness_70,lighting,1,scored,1.48,H230,961,1783,,scored,,waist-occluded,,0,clothed→model,model,model,true,0%,full,0.925,,1897.3588,0.52403412,true,pass,0.0189,18.2,0.0547,40.935,37.54,50.13,38.02,50.45,shoulderHip+legTorso+symmetry,7.50,7.50,7.46,6.72–10.00,7.50,7.46,6.72–10.00,unknown,60%,unconfirmed,"an arm covered part of your waist or hips, so that cue was skipped — arms a few inches out reads the full frame",,,,true
H230__brightness_130,H230__brightness_130.jpg,d9d9b6ccc8a7bb67df868f4e38bdeec8be91d1b0bb25bb5771424791677453a5,H230,H230.jpg,brightness_130,lighting,1,scored,1.48,H230,961,1783,,scored,,waist-occluded,,0,clothed→model,model,model,true,0%,full,0.939,,1925.1493,0.53767660,true,pass,0.0252,11.1,0.0499,38.706,84.63,78.95,84.63,78.95,legTorso+symmetry,7.00,7.00,7.23,6.59–10.00,7.00,7.23,6.59–10.00,unknown,71%,unconfirmed,"an arm covered part of your waist or hips, so that cue was skipped — arms a few inches out reads the full frame",,,,true
H230__contrast_70,H230__contrast_70.jpg,8ceb4a21836ffa32f212dd99bcf428afdca8fa4eb4af5d6bb089f62807ca6ea5,H230,H230.jpg,contrast_70,lighting,1,scored,1.48,H230,961,1783,,scored,,waist-occluded,,0,clothed→model,model,model,true,0%,full,0.913,,1871.3207,0.51069653,true,pass,0.0138,31.5,0.0692,39.222,36.49,48.69,36.97,49.01,shoulderHip+legTorso+symmetry,7.50,7.50,7.35,6.66–10.00,7.50,7.35,6.66–10.00,f,88%,model,"an arm covered part of your waist or hips, so that cue was skipped — arms a few inches out reads the full frame",,,,true
H230__contrast_130,H230__contrast_130.jpg,6556a884792d41ba19b4a62fd4cbe20737a3a2dad91a283685d75ee24e63a731,H230,H230.jpg,contrast_130,lighting,1,scored,1.48,H230,961,1783,,scored,,waist-occluded,,0,clothed→model,model,model,true,0%,full,0.944,,1936.6082,0.54313150,true,pass,0.0232,6.1,0.0485,38.147,38.14,50.89,39.11,51.53,shoulderHip+legTorso+symmetry,7.00,7.00,7.14,6.53–8.71,7.00,7.14,6.53–8.71,f,92%,model,"an arm covered part of your waist or hips, so that cue was skipped — arms a few inches out reads the full frame",,,,true
H230__side_lighting,H230__side_lighting.jpg,748fa561ec6ce54c8e3751ee00827dc3029bcfc333b9aaf1f40ddaa2b3d76ba6,H230,H230.jpg,side_lighting,lighting,1,scored,1.48,H230,961,1783,,scored,,waist-occluded,,0,clothed→model,model,model,true,0%,full,0.936,,1918.4288,0.53443174,true,pass,0.0546,10.8,0.0334,38.097,83.44,78.28,83.44,78.28,legTorso+symmetry,7.00,7.00,7.14,6.53–8.69,7.00,7.14,6.53–8.69,f,98%,model,"an arm covered part of your waist or hips, so that cue was skipped — arms a few inches out reads the full frame",,,,true
H230__jpeg_q35,H230__jpeg_q35.jpg,1460659231f2ab791ac47bba83d603c1438294a29644230d4fd7d9d8430b1377,H230,H230.jpg,jpeg_q35,jpeg,1,scored,1.48,H230,961,1783,,scored,,waist-occluded,,0,clothed→model,model,model,true,0%,full,0.892,,1828.5780,0.49760084,true,pass,0.0387,25.9,0.0827,39.410,30.26,40.91,31.88,41.96,shoulderHip+legTorso+symmetry,7.50,7.50,7.38,6.68–10.00,7.50,7.38,6.68–10.00,f,83%,model,"an arm covered part of your waist or hips, so that cue was skipped — arms a few inches out reads the full frame",,,,true
H230__rotate_3,H230__rotate_3.jpg,bf9ceb36bc21d7727192477e8f7b2d104d159bd682b943e641b1891806928d8a,H230,H230.jpg,rotate_3,rotation_camera_like,1,scored,1.48,H230,961,1783,,scored,,waist-occluded,,0,clothed→model,model,model,true,0%,full,0.880,,1804.7030,0.47947797,true,pass,0.0302,25.1,0.0420,39.615,78.72,74.18,78.72,74.18,legTorso+symmetry,7.50,7.50,7.39,6.69–10.00,7.50,7.39,6.69–10.00,f,88%,model,"an arm covered part of your waist or hips, so that cue was skipped — arms a few inches out reads the full frame",,,,true
H230__perspective_mild,H230__perspective_mild.jpg,6986e0ee0f5aef7e43219144857baed1695bf75488e090e4f344e72703923190,H230,H230.jpg,perspective_mild,rotation_camera_like,1,scored,1.48,H230,961,1783,,scored,,waist-occluded,,0,clothed→model,model,model,true,0%,full,0.955,,1957.5432,0.55285123,true,pass,0.0468,21.0,0.0438,37.513,84.71,79.14,84.71,79.14,legTorso+symmetry,7.00,7.00,7.11,6.51–8.54,7.00,7.11,6.51–8.54,unknown,71%,unconfirmed,"an arm covered part of your waist or hips, so that cue was skipped — arms a few inches out reads the full frame",,,,true
H230__gaussian_blur_1_5,H230__gaussian_blur_1_5.jpg,851fbfca4a823cc30d5f610b102849def96e716afde6dc984496f408d4639ee5,H230,H230.jpg,gaussian_blur_1_5,rotation_camera_like,1,scored,1.48,H230,961,1783,,scored,,waist-occluded,,0,clothed→model,model,model,true,0%,full,0.883,,1810.8260,0.48535467,true,pass,0.0260,22.9,0.0645,38.771,36.97,49.31,37.68,49.77,shoulderHip+legTorso+symmetry,7.00,7.00,7.24,6.60–10.00,7.00,7.24,6.60–10.00,m,83%,model,"an arm covered part of your waist or hips, so that cue was skipped — arms a few inches out reads the full frame",,,,true
T220__original,T220__original.jpg,12773b08a8ce4eee41434cc6ef1500291695b9647bf071683404d04db47862fe,T220,T220.jpg,original,control,2,scored,2.50,T220,961,1783,,scored,,,,0,clothed→model,model,model,true,8%,full,0.940,,1927.3539,0.53873365,true,pass,0.0276,10.8,0.0337,42.480,50.55,63.11,80.98,79.13,whr+vTaper+shoulderHip+legTorso+symmetry,7.50,7.50,7.70,6.85–10.00,7.50,7.70,6.85–10.00,f,,guess,,,,,true
T220__mirror,T220__mirror.jpg,7390b184afbb8cef0e5c88c4c822681623eb6e5300aeccf48713780d15806ebb,T220,T220.jpg,mirror,mirror,2,scored,2.50,T220,961,1783,,scored,,,,0,clothed→model,model,model,true,9%,full,0.949,,1946.0161,0.54753826,true,pass,0.0135,1.5,0.0187,41.618,51.63,64.32,81.42,79.19,whr+vTaper+shoulderHip+legTorso+symmetry,7.50,7.50,7.53,6.76–10.00,7.50,7.53,6.76–10.00,unknown,67%,unconfirmed,,,,,true
T220__crop_center_10,T220__crop_center_10.jpg,846e057a10556e4e1147e32548346c1d18c6d49d489892e4cab9a09c35b5842c,T220,T220.jpg,crop_center_10,crop,2,scored,2.50,T220,769,1427,,refused,"No body found — use a clear, full-body, front-facing photo.",no-body,,0,,,,false,,,,,,,,,,,,,,,,,,,,,,,,,,,,,,,,true
T220__crop_legs_20,T220__crop_legs_20.jpg,08233d77dacb7fd5a830b3e3b0d072137997fb78d6a308583a604ec7b0039f49,T220,T220.jpg,crop_legs_20,crop,2,scored,2.50,T220,961,1426,,scored,,,,0,clothed→geometry,geometry,geometry,false,8%,torso,1.000,framing,1639.9000,0.49042492,true,degraded,0.0341,18.7,,,42.59,57.73,81.01,80.54,whr+vTaper+shoulderHip,7.50,7.50,7.72,5.65–10.00,7.50,7.72,5.65–10.00,f,,guess,non-standard framing: the photo is cropped above the feet — the score scale was calibrated on full-body shots — scored anyway at reduced accuracy,,,,true
T220__pad_wide_black,T220__pad_wide_black.jpg,6e1c62bba040e093926633b35728f6c906727a589caa54dc6223611401756a8d,T220,T220.jpg,pad_wide_black,padding_aspect,2,scored,2.50,T220,1345,1783,,scored,,,,0,clothed→model,model,model,true,8%,full,0.942,,1930.6707,0.35663529,true,pass,0.0249,9.4,0.0302,40.399,45.81,60.65,37.04,35.53,whr+vTaper+shoulderHip+legTorso+symmetry,7.50,7.50,7.43,6.71–10.00,7.50,7.43,6.71–10.00,f,,guess,,,,,true
T220__pad_tall_black,T220__pad_tall_black.jpg,dfca99bc1489b7ac9327ed1bb28e2a7e61bd86aaf2b2bdcae651c8e2b0325a0a,T220,T220.jpg,pad_tall_black,padding_aspect,2,scored,2.50,T220,961,2318,,scored,,,,0,clothed→model,model,model,true,7%,full,0.760,,2025.7536,0.52560865,true,pass,0.0283,1.2,0.0232,41.983,50.17,62.77,80.50,78.22,whr+vTaper+shoulderHip+legTorso+symmetry,7.50,7.50,7.58,6.79–10.00,7.50,7.58,6.79–10.00,f,,guess,,,,,true
T220__canvas_light_gray,T220__canvas_light_gray.jpg,b0718789d88c1d1392bb5a0553c608ad7779ef322b3406ce4ae1983a1bbd238d,T220,T220.jpg,canvas_light_gray,background_canvas,2,scored,2.50,T220,1201,2229,,scored,,,,0,clothed→model,model,model,true,5%,full,0.782,,2004.7895,0.40093462,true,pass,0.0204,2.0,0.0198,43.514,46.94,58.90,77.71,76.68,whr+vTaper+shoulderHip+legTorso+symmetry,8.00,8.00,7.85,6.91–10.00,8.00,7.85,6.91–10.00,f,85%,model,,,,,true
T220__aspect_squeeze_80,T220__aspect_squeeze_80.jpg,ad5d4e3e88e7c83513b3bca332ea28429324bac45ffee3be6616b5ad43aa8ecd,T220,T220.jpg,aspect_squeeze_80,padding_aspect,2,scored,2.50,T220,769,1783,,scored,,,,0,clothed→model,model,model,true,9%,full,0.882,,1807.5230,0.59373282,true,pass,0.0383,3.3,0.0479,50.232,52.78,64.91,80.82,78.67,whr+vTaper+shoulderHip+legTorso+symmetry,9.00,9.00,8.87,7.16–10.00,9.00,8.87,7.16–10.00,unknown,54%,unconfirmed,,,,,true
T220__resolution_256,T220__resolution_256.jpg,cc14e2d2bcdb733ae47700525fd81a9a6134cb1a7eb947dd7c7a102f9fcab85c,T220,T220.jpg,resolution_256,resolution,2,scored,2.50,T220,138,256,,scored,,,,0,clothed→model,model,model,true,7%,full,0.955,,281.1899,0.55319330,true,pass,0.0224,1.5,0.0242,44.752,52.03,64.32,80.57,78.40,whr+vTaper+shoulderHip+legTorso+symmetry,8.00,8.00,8.00,6.97–10.00,8.00,8.00,6.97–10.00,f,,guess,,,,,true
T220__brightness_70,T220__brightness_70.jpg,f276df0dd6ecb4cacfab4114595a42c93977a7072e21e72bced51d3ba0def7a7,T220,T220.jpg,brightness_70,lighting,2,scored,2.50,T220,961,1783,,scored,,,,0,clothed→model,model,model,true,9%,full,0.940,,1928.0212,0.53905289,true,pass,0.0276,12.9,0.0186,40.959,51.77,64.34,81.19,78.98,whr+vTaper+shoulderHip+legTorso+symmetry,7.50,7.50,7.46,6.73–10.00,7.50,7.46,6.73–10.00,f,,guess,,,,,true
T220__brightness_130,T220__brightness_130.jpg,f22207b74719b3dba6ff1e9c29f508068e3eb75109ace3052f9ba54433c304e2,T220,T220.jpg,brightness_130,lighting,2,scored,2.50,T220,961,1783,,scored,,,,0,clothed→model,model,model,true,9%,full,0.923,,1892.6197,0.52535309,true,pass,0.0238,5.2,0.0158,42.829,51.81,64.50,81.65,79.91,whr+vTaper+shoulderHip+legTorso+symmetry,8.00,8.00,7.77,6.88–10.00,8.00,7.77,6.88–10.00,f,,guess,,,,,true
T220__contrast_70,T220__contrast_70.jpg,903bfc6519ec3edda5c8d597f19ae37e42251238e4c2968f7cdf7f97de3cacaf,T220,T220.jpg,contrast_70,lighting,2,scored,2.50,T220,961,1783,,scored,,,,0,clothed→model,model,model,true,6%,full,0.949,,1946.0328,0.54754599,true,pass,0.0281,10.3,0.0183,38.924,49.96,62.70,80.56,78.32,whr+vTaper+shoulderHip+legTorso+symmetry,7.50,7.50,7.27,6.61–10.00,7.50,7.27,6.61–10.00,f,,guess,,,,,true
T220__contrast_130,T220__contrast_130.jpg,c43c0024f5e046699d3516ea2ef65cf50851b663cb5ad5306f72bfbe7b86700f,T220,T220.jpg,contrast_130,lighting,2,scored,2.50,T220,961,1783,,scored,,,,0,clothed→model,model,model,true,9%,full,0.921,,1887.8165,0.52414543,true,pass,0.0211,8.5,0.0143,43.779,50.94,63.63,81.41,80.16,whr+vTaper+shoulderHip+legTorso+symmetry,8.00,8.00,7.88,6.93–10.00,8.00,7.88,6.93–10.00,m,79%,model,,,,,true
T220__side_lighting,T220__side_lighting.jpg,7dde56065302e6e3e2cf7092dc20d241f5fb8d8e29db761d4ac7c22500bf0e0e,T220,T220.jpg,side_lighting,lighting,2,scored,2.50,T220,961,1783,,scored,,,,0,clothed→model,model,model,true,7%,full,0.935,,1916.2244,0.53335998,true,pass,0.0127,9.3,0.0193,38.001,50.70,63.37,80.81,78.44,whr+vTaper+shoulderHip+legTorso+symmetry,7.00,7.00,7.13,6.53–8.66,7.00,7.13,6.53–8.66,f,,guess,,,,,true
T220__jpeg_q35,T220__jpeg_q35.jpg,d57f225605109a16df2d0d643a256a476ba91fe4018139cc4b25bba4c0072b3a,T220,T220.jpg,jpeg_q35,jpeg,2,scored,2.50,T220,961,1783,,scored,,,,0,clothed→model,model,model,true,7%,full,0.936,,1919.4725,0.53493789,true,pass,0.0329,4.2,0.0346,42.417,50.57,63.08,81.04,79.61,whr+vTaper+shoulderHip+legTorso+symmetry,7.50,7.50,7.69,6.84–10.00,7.50,7.69,6.84–10.00,f,,guess,,,,,true
T220__rotate_3,T220__rotate_3.jpg,a8ed9173b19642c4fb4aca364b41b784d4b2ee9a06b8a96aa90399a3108aee80,T220,T220.jpg,rotate_3,rotation_camera_like,2,scored,2.50,T220,961,1783,,scored,,,,0,clothed→model,model,model,true,8%,full,0.933,,1912.9907,0.53178103,true,pass,0.0281,1.1,0.0324,40.731,50.99,63.64,81.68,80.53,whr+vTaper+shoulderHip+legTorso+symmetry,7.50,7.50,7.45,6.72–10.00,7.50,7.45,6.72–10.00,unknown,53%,unconfirmed,,,,,true
T220__perspective_mild,T220__perspective_mild.jpg,c1860dad6af8b2e1123077358cb7d59a12afd00cf2f831ae6adc1a9fcd011980,T220,T220.jpg,perspective_mild,rotation_camera_like,2,scored,2.50,T220,961,1783,,scored,,,,0,clothed→model,model,model,true,8%,full,0.957,,1962.9294,0.55530180,true,pass,0.0120,3.9,0.0207,44.467,51.23,63.89,81.12,78.75,whr+vTaper+shoulderHip+legTorso+symmetry,8.00,8.00,7.96,6.96–10.00,8.00,7.96,6.96–10.00,unknown,61%,unconfirmed,,,,,true
T220__gaussian_blur_1_5,T220__gaussian_blur_1_5.jpg,9a06402740e55177f444b56f911755c1f31d94841a51fd517fc39826b7b6e48c,T220,T220.jpg,gaussian_blur_1_5,rotation_camera_like,2,scored,2.50,T220,961,1783,,scored,,,,0,clothed→model,model,model,true,9%,full,0.944,,1936.4251,0.54304511,true,pass,0.0238,10.0,0.0318,39.332,50.73,63.33,81.16,79.35,whr+vTaper+shoulderHip+legTorso+symmetry,7.50,7.50,7.38,6.68–10.00,7.50,7.38,6.68–10.00,unknown,71%,unconfirmed,,,,,true
H200__original,H200__original.jpg,7cd201d597a1a76d185d9848ceff4d2e41019066558601170786e06244b19fca,H200,H200.jpg,original,control,2,refused,1.80,H200,961,1783,,refused,This body is too side-on for frontal width ratios. Use a front-facing photo.,pose-quality:profile,This body is too side-on for frontal width ratios. Use a front-facing photo.,0,,,,false,,,,,,,,profile,,,,,,,,,,,,,,,,,,,,,,,,true
H200__mirror,H200__mirror.jpg,f58c19a74acf58cb870a17024036df23eb7c47f70ee6f879f5dcdc338997c1bf,H200,H200.jpg,mirror,mirror,2,refused,1.80,H200,961,1783,,scored,,waist-occluded,,0,clothed→model,model,model,true,0%,full,0.962,,1971.9887,0.55937829,true,pass,0.0378,13.3,0.0539,39.098,84.59,78.85,84.59,78.85,legTorso+symmetry,7.50,7.50,7.30,6.63–10.00,7.50,7.30,6.63–10.00,f,85%,model,"an arm covered part of your waist or hips, so that cue was skipped — arms a few inches out reads the full frame",,,,true
H200__crop_center_10,H200__crop_center_10.jpg,edd19ac8ce568641a434757f97d8d151e62e7e2dc4c00471df364edd347b365d,H200,H200.jpg,crop_center_10,crop,2,refused,1.80,H200,769,1427,,refused,"No body found — use a clear, full-body, front-facing photo.",no-body,,0,,,,false,,,,,,,,,,,,,,,,,,,,,,,,,,,,,,,,true
H200__crop_legs_20,H200__crop_legs_20.jpg,054d181585c6b370592e7cc5919e4da576268ecfec084d4b0c003e0a484e5d1e,H200,H200.jpg,crop_legs_20,crop,2,refused,1.80,H200,961,1426,,scored,,waist-occluded,,0,clothed→geometry,geometry,geometry,false,0%,torso,0.994,framing+outline,1629.3986,0.48383538,true,degraded,0.0692,22.0,,,2.11,2.11,5.26,5.26,shoulderHip,3.00,3.00,2.94,1.00–5.27,3.00,2.94,1.00–5.27,f,,guess,"non-standard framing: the photo is cropped above the feet — the score scale was calibrated on full-body shots — scored anyway at reduced accuracy · an arm covered part of your waist or hips, so that cue was skipped — arms a few inches out reads the full frame",,,,true
H200__pad_wide_black,H200__pad_wide_black.jpg,c18d5c89db62b0d67f84bd2f0fdb9ad4ec1d5f4836e3dd0d0387bee215d1657a,H200,H200.jpg,pad_wide_black,padding_aspect,2,refused,1.80,H200,1345,1783,,scored,,,,0,clothed→model,model,model,true,0%,full,0.982,,2013.4675,0.40845962,true,pass,0.0288,3.9,0.0406,40.681,24.89,35.14,26.37,36.12,vTaper+legTorso+symmetry,7.50,7.50,7.45,6.72–10.00,7.50,7.45,6.72–10.00,f,,guess,"an arm covered part of your waist or hips, so that cue was skipped — arms a few inches out reads the full frame",,,,true
H200__pad_tall_black,H200__pad_tall_black.jpg,6f6c241a176ae0d6c827b099479e6339ae6cc97ff74cfd48b499043e97e44f79,H200,H200.jpg,pad_tall_black,padding_aspect,2,refused,1.80,H200,961,2318,,refused,This body is too side-on for frontal width ratios. Use a front-facing photo.,pose-quality:profile,This body is too side-on for frontal width ratios. Use a front-facing photo.,0,,,,false,,,,,,,,profile,,,,,,,,,,,,,,,,,,,,,,,,true
H200__canvas_light_gray,H200__canvas_light_gray.jpg,54ba27b1ada4ec6c214d1086a502f77443f3473a01124a52730cfab345611947,H200,H200.jpg,canvas_light_gray,background_canvas,2,refused,1.80,H200,1201,2229,,scored,,waist-occluded,,0,clothed→model,model,model,true,0%,full,0.719,,1842.0693,0.34801585,true,pass,0.0471,18.9,0.0764,38.776,20.24,28.85,21.95,29.96,shoulderHip+legTorso+symmetry,7.00,7.00,7.24,6.60–10.00,7.00,7.24,6.60–10.00,unknown,67%,unconfirmed,"an arm covered part of your waist or hips, so that cue was skipped — arms a few inches out reads the full frame",,,,true
H200__aspect_squeeze_80,H200__aspect_squeeze_80.jpg,4391f31f3af1411c99f54c6fc003cf06b2abf113d9110e3827b359acca4eb4e5,H200,H200.jpg,aspect_squeeze_80,padding_aspect,2,refused,1.80,H200,769,1783,,scored,,,,0,clothed→model,model,model,true,0%,full,0.965,,1978.7519,0.64981705,true,pass,0.0140,20.1,0.0086,39.726,26.97,37.65,21.84,26.99,whr+vTaper+shoulderHip+legTorso+symmetry,7.50,7.50,7.40,6.69–10.00,7.50,7.40,6.69–10.00,f,,guess,,,,,true
H200__resolution_256,H200__resolution_256.jpg,341c35ee1ec2c6e542929ab674d0f49b389366156a06a55daaa97294a84bbb12,H200,H200.jpg,resolution_256,resolution,2,refused,1.80,H200,138,256,,refused,This body is too side-on for frontal width ratios. Use a front-facing photo.,pose-quality:profile,This body is too side-on for frontal width ratios. Use a front-facing photo.,0,,,,false,,,,,,,,profile,,,,,,,,,,,,,,,,,,,,,,,,true
H200__brightness_70,H200__brightness_70.jpg,7aa9a1d5935052550f0016de6d11fb8a4d8307c937047bfff7d2f8ddd82718ab,H200,H200.jpg,brightness_70,lighting,2,refused,1.80,H200,961,1783,,scored,,waist-occluded,,0,clothed→model,model,model,true,0%,full,0.952,,1951.5506,0.55010092,true,pass,0.0196,3.5,0.0250,40.087,36.81,49.54,38.11,50.39,shoulderHip+legTorso+symmetry,7.50,7.50,7.42,6.70–10.00,7.50,7.42,6.70–10.00,f,,guess,"an arm covered part of your waist or hips, so that cue was skipped — arms a few inches out reads the full frame",,,,true
H200__brightness_130,H200__brightness_130.jpg,09b8d99dc116c6160b214e4ced35f8949aaaad19011f749f475f22f4c3744f5c,H200,H200.jpg,brightness_130,lighting,2,refused,1.80,H200,961,1783,,scored,,waist-occluded,,0,clothed→model,model,model,true,0%,full,0.964,,1975.8693,0.56110736,true,pass,0.0168,23.4,0.0274,39.121,77.31,73.28,77.31,73.28,legTorso+symmetry,7.50,7.50,7.31,6.64–10.00,7.50,7.31,6.64–10.00,unknown,56%,unconfirmed,"an arm covered part of your waist or hips, so that cue was skipped — arms a few inches out reads the full frame",,,,true
H200__contrast_70,H200__contrast_70.jpg,7ab704762bb3edd51ed64a887a57f22355a7ad83ac74846e0e6f3f7c3e264df6,H200,H200.jpg,contrast_70,lighting,2,refused,1.80,H200,961,1783,,scored,,waist-occluded,,0,clothed→model,model,model,true,0%,full,0.927,,1901.1100,0.52591061,true,pass,0.0131,19.8,0.0702,41.671,32.67,43.99,34.09,44.91,shoulderHip+legTorso+symmetry,7.50,7.50,7.53,6.76–10.00,7.50,7.53,6.76–10.00,f,87%,model,"an arm covered part of your waist or hips, so that cue was skipped — arms a few inches out reads the full frame",,,,true
H200__contrast_130,H200__contrast_130.jpg,a8f679d4d2dd4cc5c2c2c9fc36ee289ac6d66e76f8572f10f80c12b058e5c02b,H200,H200.jpg,contrast_130,lighting,2,refused,1.80,H200,961,1783,,scored,,waist-occluded,,0,clothed→model,model,model,true,0%,full,0.952,,1952.1851,0.55039334,true,pass,0.0958,15.3,0.0685,39.920,84.54,78.53,84.54,78.53,legTorso+symmetry,7.50,7.50,7.41,6.70–10.00,7.50,7.41,6.70–10.00,unknown,,unknown,"an arm covered part of your waist or hips, so that cue was skipped — arms a few inches out reads the full frame",,,,true
H200__side_lighting,H200__side_lighting.jpg,ac73199a72ea284d884fce58c52a81fdd0b5e222ee6e30a0df172707eb1a5e54,H200,H200.jpg,side_lighting,lighting,2,refused,1.80,H200,961,1783,,scored,,,,0,clothed→model,model,model,true,0%,full,0.964,,1976.9482,0.56158628,true,pass,0.0401,9.1,0.0639,40.705,28.46,39.34,29.93,40.32,vTaper+legTorso+symmetry,7.50,7.50,7.45,6.72–10.00,7.50,7.45,6.72–10.00,f,,guess,"an arm covered part of your waist or hips, so that cue was skipped — arms a few inches out reads the full frame",,,,true
H200__jpeg_q35,H200__jpeg_q35.jpg,66c8d57c8c945e2b40b5643825d9104d29480d29e3c039bc68fa32f2788eb346,H200,H200.jpg,jpeg_q35,jpeg,2,refused,1.80,H200,961,1783,,scored,,waist-occluded,,0,clothed→model,model,model,true,0%,full,0.972,,1993.4438,0.56881192,true,pass,0.0684,23.8,0.0508,39.098,84.49,78.82,84.49,78.82,legTorso+symmetry,7.50,7.50,7.30,6.63–10.00,7.50,7.30,6.63–10.00,unknown,,unknown,"an arm covered part of your waist or hips, so that cue was skipped — arms a few inches out reads the full frame",,,,true
H200__rotate_3,H200__rotate_3.jpg,a4fe6f71924ab3d809089bc977298f915455f50488977d88874fc7867a329839,H200,H200.jpg,rotate_3,rotation_camera_like,2,refused,1.80,H200,961,1783,,scored,,waist-occluded,,0,clothed→model,model,model,true,0%,full,0.967,,1982.5712,0.56406960,true,pass,0.0242,21.6,0.0535,38.569,84.33,78.64,84.33,78.64,legTorso+symmetry,7.00,7.00,7.20,6.57–9.56,7.00,7.20,6.57–9.56,unknown,,unknown,"an arm covered part of your waist or hips, so that cue was skipped — arms a few inches out reads the full frame",,,,true
H200__perspective_mild,H200__perspective_mild.jpg,efba4652543d012170847a8a19d2608a655ba114f45b7878f7832bd55cf74744,H200,H200.jpg,perspective_mild,rotation_camera_like,2,refused,1.80,H200,961,1783,,refused,"The geometry route produced no scored body cue. Retake with your full outline visible, arms a few inches out, and stronger contrast from the background.",geometry-no-cues,,0,clothed→geometry,geometry,refused,false,0%,torso,1.000,,2050.4500,0.59245425,true,degraded,0.0542,19.6,,,,,,,,,,,,,,,,,,,,,,true
H200__gaussian_blur_1_5,H200__gaussian_blur_1_5.jpg,b9a3d3cb835224eb24d1b9d1c576267aca5b9eb4264c0b12729030ce99b85f2f,H200,H200.jpg,gaussian_blur_1_5,rotation_camera_like,2,refused,1.80,H200,961,1783,,scored,,waist-occluded,,0,clothed→model,model,model,true,0%,full,0.936,,1918.5257,0.53447878,true,pass,0.0524,24.4,0.0533,39.208,73.34,69.48,73.34,69.48,legTorso+symmetry,7.50,7.50,7.35,6.66–10.00,7.50,7.35,6.66–10.00,unknown,70%,unconfirmed,"an arm covered part of your waist or hips, so that cue was skipped — arms a few inches out reads the full frame",,,,true
T230__original,T230__original.jpg,b388352d3075f837db6bc60c6bf7a931d6fc67a69dbb2db2fbd3f120b311885d,T230,T230.jpg,original,control,2,scored,2.33,T230,961,1783,,scored,,,,0,clothed→model,model,model,true,8%,full,0.939,,1925.3831,0.53778884,true,pass,0.0282,1.9,0.0354,42.496,49.88,62.59,80.48,77.98,whr+vTaper+shoulderHip+legTorso+symmetry,7.50,7.50,7.71,6.85–10.00,7.50,7.71,6.85–10.00,unknown,55%,unconfirmed,,,,,true
T230__mirror,T230__mirror.jpg,48c197a3b79e04bc20ecf8606aed75fac3bcf6c9aa7d9451bcf33aac4ee08ae7,T230,T230.jpg,mirror,mirror,2,scored,2.33,T230,961,1783,,scored,,,,0,clothed→model,model,model,true,9%,full,0.943,,1932.7239,0.54129328,true,pass,0.0163,10.7,0.0216,41.909,50.95,63.93,81.55,79.32,whr+vTaper+shoulderHip+legTorso+symmetry,7.50,7.50,7.56,6.78–10.00,7.50,7.56,6.78–10.00,unknown,53%,unconfirmed,,,,,true
T230__crop_center_10,T230__crop_center_10.jpg,47699e45afd4f6f4a8f2e8ab7cfd4952c17d6dfcc6c034b94fa2a75a55f34494,T230,T230.jpg,crop_center_10,crop,2,scored,2.33,T230,769,1427,,refused,"No body found — use a clear, full-body, front-facing photo.",no-body,,0,,,,false,,,,,,,,,,,,,,,,,,,,,,,,,,,,,,,,true
T230__crop_legs_20,T230__crop_legs_20.jpg,ef404b3fb563d74aceedbd83adc089519e967bc1fffc991ded4be8b97efd1696,T230,T230.jpg,crop_legs_20,crop,2,scored,2.33,T230,961,1426,,scored,,,,0,clothed→geometry,geometry,geometry,false,9%,torso,1.000,framing,1639.9000,0.49042492,true,degraded,0.0409,19.8,,,42.71,57.88,80.77,79.36,whr+vTaper+shoulderHip,7.50,7.50,7.64,5.63–10.00,7.50,7.64,5.63–10.00,f,,guess,non-standard framing: the photo is cropped above the feet — the score scale was calibrated on full-body shots — scored anyway at reduced accuracy,,,,true
T230__pad_wide_black,T230__pad_wide_black.jpg,02c9b8f4e405e0690b9e31e0e7c0a2780c70a1bf7df57d5e79a11e7447cb7419,T230,T230.jpg,pad_wide_black,padding_aspect,2,scored,2.33,T230,1345,1783,,scored,,,,0,clothed→model,model,model,true,8%,full,0.943,,1932.5971,0.35791731,true,pass,0.0292,12.1,0.0380,39.383,44.73,59.71,35.81,34.57,whr+vTaper+shoulderHip+legTorso+symmetry,7.50,7.50,7.38,6.68–10.00,7.50,7.38,6.68–10.00,unknown,71%,unconfirmed,,,,,true
T230__pad_tall_black,T230__pad_tall_black.jpg,c78c2c5ba4bd3a95b4c265648afde6aab0cc70263e5edb3ee39100d68fdf3bbb,T230,T230.jpg,pad_tall_black,padding_aspect,2,scored,2.33,T230,961,2318,,scored,,,,0,clothed→model,model,model,true,9%,full,0.755,,2013.9179,0.52282066,true,pass,0.0104,10.0,0.0122,43.153,50.89,63.62,81.00,78.70,whr+vTaper+shoulderHip+legTorso+symmetry,8.00,8.00,7.82,6.90–10.00,8.00,7.82,6.90–10.00,f,,guess,,,,,true
T230__canvas_light_gray,T230__canvas_light_gray.jpg,3ec007d499274a46b1c4d5a668c87f1d95b1ad5a41b3e945aee3c2bb9c206df3,T230,T230.jpg,canvas_light_gray,background_canvas,2,scored,2.33,T230,1201,2229,,scored,,,,0,clothed→model,model,model,true,5%,full,0.780,,1999.4931,0.39934775,true,pass,0.0201,4.8,0.0267,43.137,47.09,59.56,78.82,77.13,whr+vTaper+shoulderHip+legTorso+symmetry,8.00,8.00,7.81,6.90–10.00,8.00,7.81,6.90–10.00,f,92%,model,,,,,true
T230__aspect_squeeze_80,T230__aspect_squeeze_80.jpg,69e42e3620c345c5851a36697c609fc6f3d58bff1c045f96df7dd2313d79c14a,T230,T230.jpg,aspect_squeeze_80,padding_aspect,2,scored,2.33,T230,769,1783,,scored,,,,0,clothed→model,model,model,true,9%,full,0.874,,1793.1044,0.59052101,true,pass,0.0299,12.6,0.0189,51.800,54.87,66.71,79.50,77.29,whr+vTaper+shoulderHip+legTorso+symmetry,9.00,9.00,9.01,7.17–10.00,9.00,9.01,7.17–10.00,m,87%,model,,,,,true
T230__resolution_256,T230__resolution_256.jpg,b8ed919559848ae2735f143d1c4b41fa2b96608bca8015f3188f8eb280f467a2,T230,T230.jpg,resolution_256,resolution,2,scored,2.33,T230,138,256,,scored,,,,0,clothed→model,model,model,true,9%,full,0.952,,280.1234,0.54978464,true,pass,0.0200,0.1,0.0243,43.279,52.07,64.58,80.32,76.13,whr+vTaper+shoulderHip+legTorso+symmetry,8.00,8.00,7.83,6.90–10.00,8.00,7.83,6.90–10.00,f,,guess,,,,,true
T230__brightness_70,T230__brightness_70.jpg,ec963ad48ae43dba9fbd1d8ab74ccae1e49897e55e9c541ec8c8bd5b6b1afff2,T230,T230.jpg,brightness_70,lighting,2,scored,2.33,T230,961,1783,,scored,,,,0,clothed→model,model,model,true,7%,full,0.935,,1917.6182,0.53403805,true,pass,0.0363,16.4,0.0316,43.877,50.27,62.32,78.68,74.77,whr+vTaper+shoulderHip+legTorso+symmetry,8.00,8.00,7.89,6.93–10.00,8.00,7.89,6.93–10.00,f,,guess,,,,,true
T230__brightness_130,T230__brightness_130.jpg,c070695de896e23181e4279080d1bddb6d1ba4e94a29b9566fd9d3a90492e43e,T230,T230.jpg,brightness_130,lighting,2,scored,2.33,T230,961,1783,,scored,,,,0,clothed→model,model,model,true,8%,full,0.921,,1888.0228,0.52419743,true,pass,0.0335,13.0,0.0444,43.461,50.68,63.61,80.92,78.01,whr+vTaper+shoulderHip+legTorso+symmetry,8.00,8.00,7.85,6.91–10.00,8.00,7.85,6.91–10.00,f,,guess,,,,,true
T230__contrast_70,T230__contrast_70.jpg,bb0e60c1732af077db5f3158e8780d17aa8618d4d23b5867e0bd3e583e4a080e,T230,T230.jpg,contrast_70,lighting,2,scored,2.33,T230,961,1783,,scored,,,,0,clothed→model,model,model,true,8%,full,0.951,,1950.0624,0.54941396,true,pass,0.0156,0.9,0.0293,44.718,49.87,62.76,80.65,78.26,whr+vTaper+shoulderHip+legTorso+symmetry,8.00,8.00,8.00,6.97–10.00,8.00,8.00,6.97–10.00,unknown,52%,unconfirmed,,,,,true
T230__contrast_130,T230__contrast_130.jpg,840f2abc8764b29fa50538d38591aedcf88c30ae07304191b022af5d4b10d314,T230,T230.jpg,contrast_130,lighting,2,scored,2.33,T230,961,1783,,scored,,,,0,clothed→model,model,model,true,9%,full,0.931,,1909.1840,0.52991203,true,pass,0.0146,5.6,0.0100,41.267,50.81,63.93,81.84,80.09,whr+vTaper+shoulderHip+legTorso+symmetry,7.50,7.50,7.49,6.74–10.00,7.50,7.49,6.74–10.00,f,,guess,,,,,true
T230__side_lighting,T230__side_lighting.jpg,654335a043dd24ca9d56a39682a91ddc7aa40483c60243619b98a92e2b1fa45e,T230,T230.jpg,side_lighting,lighting,2,scored,2.33,T230,961,1783,,scored,,,,0,clothed→model,model,model,true,9%,full,0.934,,1915.6994,0.53310416,true,pass,0.0264,4.0,0.0335,40.910,49.99,63.02,80.89,78.59,whr+vTaper+shoulderHip+legTorso+symmetry,7.50,7.50,7.46,6.72–10.00,7.50,7.46,6.72–10.00,f,,guess,,,,,true
T230__jpeg_q35,T230__jpeg_q35.jpg,ae6b1a0cd96fc57fc3104858fc23355cc64e694072cc1c787d0a59cb5bc30f90,T230,T230.jpg,jpeg_q35,jpeg,2,scored,2.33,T230,961,1783,,scored,,,,0,clothed→model,model,model,true,9%,full,0.940,,1927.2441,0.53868105,true,pass,0.0292,0.6,0.0324,42.408,49.95,62.83,80.73,78.33,whr+vTaper+shoulderHip+legTorso+symmetry,7.50,7.50,7.69,6.84–10.00,7.50,7.69,6.84–10.00,unknown,70%,unconfirmed,,,,,true
T230__rotate_3,T230__rotate_3.jpg,3a19967ad2606f8537d27b200b5b7a75bed6cfdcdcb45c633b874b43c4c28f29,T230,T230.jpg,rotate_3,rotation_camera_like,2,scored,2.33,T230,961,1783,,scored,,,,0,clothed→model,model,model,true,7%,full,0.932,,1910.8511,0.53073188,true,pass,0.0376,0.6,0.0318,40.411,49.64,62.56,80.84,78.83,whr+vTaper+shoulderHip+legTorso+symmetry,7.50,7.50,7.43,6.71–10.00,7.50,7.43,6.71–10.00,f,,guess,,,,,true
T230__perspective_mild,T230__perspective_mild.jpg,8927776269d8609560d661dd36e99aba1a49dece8275033d249c283dcd37c75d,T230,T230.jpg,perspective_mild,rotation_camera_like,2,scored,2.33,T230,961,1783,,scored,,,,0,clothed→model,model,model,true,9%,full,0.960,,1967.7416,0.55747418,true,pass,0.0079,3.2,0.0134,45.892,50.79,63.79,81.98,80.67,whr+vTaper+shoulderHip+legTorso+symmetry,8.00,8.00,8.17,7.02–10.00,8.00,8.17,7.02–10.00,unknown,57%,unconfirmed,,,,,true
T230__gaussian_blur_1_5,T230__gaussian_blur_1_5.jpg,04174f3816950e29defbe5b8c5bd4c829e2e54d8f1cfb2e1f9c0b78dd34a4faa,T230,T230.jpg,gaussian_blur_1_5,rotation_camera_like,2,scored,2.33,T230,961,1783,,scored,,,,0,clothed→model,model,model,true,9%,full,0.944,,1935.9566,0.54282394,true,pass,0.0306,0.7,0.0419,39.423,49.98,62.62,80.79,78.65,whr+vTaper+shoulderHip+legTorso+symmetry,7.50,7.50,7.38,6.68–10.00,7.50,7.38,6.68–10.00,unknown,73%,unconfirmed,,,,,true
T200__original,T200__original.jpg,fd2061ee7cb5e483263e52a5c2fd7a2ade376f51954df503bbd085ac7c385fb8,T200,T200.jpg,original,control,3,scored,3.40,T200,961,1783,,scored,,,,0,clothed→model,model,model,true,7%,full,0.935,,1916.2936,0.53339367,true,pass,0.0238,4.3,0.0253,37.904,50.93,63.27,80.16,77.52,whr+vTaper+shoulderHip+legTorso+symmetry,7.00,7.00,7.13,6.52–8.63,7.00,7.13,6.52–8.63,f,,guess,,,,,true
T200__mirror,T200__mirror.jpg,b5f3ec4da2ec78fe01927d46d707b0743a8b75aabd47309eb359bf3fcdbd9b99,T200,T200.jpg,mirror,mirror,3,scored,3.40,T200,961,1783,,scored,,,,0,clothed→model,model,model,true,9%,full,0.951,,1949.3976,0.54910661,true,pass,0.0168,4.5,0.0298,43.859,52.38,64.82,81.42,79.69,whr+vTaper+shoulderHip+legTorso+symmetry,8.00,8.00,7.89,6.93–10.00,8.00,7.89,6.93–10.00,unknown,59%,unconfirmed,,,,,true
T200__crop_center_10,T200__crop_center_10.jpg,d76727865e9c08cc786d109ad69bbe71575efa0c50ddc65db855389c3d93ee75,T200,T200.jpg,crop_center_10,crop,3,scored,3.40,T200,769,1427,,scored,,,,0,clothed→geometry,geometry,geometry,false,11%,torso,1.000,framing,1641.0500,0.59251964,true,degraded,0.0354,5.6,,,52.80,65.17,65.90,66.87,whr+vTaper+shoulderHip,6.50–6.50,6.50–6.50,6.32–6.73,4.85–10.00,6.50–6.50,6.32–6.73,4.85–10.00,unknown,63%,unconfirmed,non-standard framing: the photo is cropped above the feet — the score scale was calibrated on full-body shots — scored anyway at reduced accuracy,,,,true
T200__crop_legs_20,T200__crop_legs_20.jpg,058e4462528ab93aa2bf044285fd4735666675e6cfe901693ba8826e11f0b1f7,T200,T200.jpg,crop_legs_20,crop,3,scored,3.40,T200,961,1426,,scored,,,,0,clothed→geometry,geometry,geometry,false,7%,torso,1.000,framing,1639.9000,0.49042492,true,degraded,0.0133,1.0,,,43.17,58.23,80.52,78.81,whr+vTaper+shoulderHip,6.00–7.50,6.00–7.50,5.94–7.60,4.44–10.00,6.00–7.50,5.94–7.60,4.44–10.00,unknown,55%,unconfirmed,non-standard framing: the photo is cropped above the feet — the score scale was calibrated on full-body shots — scored anyway at reduced accuracy,,,,true
T200__pad_wide_black,T200__pad_wide_black.jpg,e12b25699599d3d1343fe9be9b847a1f9028c409c1c17a4de363e3ed7e7c9bc2,T200,T200.jpg,pad_wide_black,padding_aspect,3,scored,3.40,T200,1345,1783,,scored,,,,0,clothed→model,model,model,true,7%,full,0.940,,1926.4329,0.35380165,true,pass,0.0227,8.1,0.0332,38.372,47.72,61.87,38.73,36.43,whr+vTaper+shoulderHip+legTorso+symmetry,7.00,7.00,7.16,6.54–8.87,7.00,7.16,6.54–8.87,f,,guess,,,,,true
T200__pad_tall_black,T200__pad_tall_black.jpg,859a376fd071ebfbc8c2443a2440acbff411bb3393277ca1d796e11fd1cc1c7f,T200,T200.jpg,pad_tall_black,padding_aspect,3,scored,3.40,T200,961,2318,,scored,,,,0,clothed→model,model,model,true,6%,full,0.766,,2042.1216,0.52941099,true,pass,0.0347,1.9,0.0269,41.963,51.17,63.70,81.06,79.11,whr+vTaper+shoulderHip+legTorso+symmetry,7.50,7.50,7.57,6.78–10.00,7.50,7.57,6.78–10.00,unknown,50%,unconfirmed,,,,,true
T200__canvas_light_gray,T200__canvas_light_gray.jpg,b13de9deef6073e2ccacade69fdd1b4763c90c0a591bb0d902c0bb3e7cba5dda,T200,T200.jpg,canvas_light_gray,background_canvas,3,scored,3.40,T200,1201,2229,,scored,,,,0,clothed→model,model,model,true,5%,full,0.774,,1983.0587,0.39436992,true,pass,0.0085,2.0,0.0152,41.119,49.12,61.15,78.46,76.26,whr+vTaper+shoulderHip+legTorso+symmetry,7.50,7.50,7.47,6.73–10.00,7.50,7.47,6.73–10.00,unknown,75%,unconfirmed,,,,,true
T200__aspect_squeeze_80,T200__aspect_squeeze_80.jpg,ad2e8190638aa641447bab278b0b77db1f84b30e55f799daaa433e4b24831452,T200,T200.jpg,aspect_squeeze_80,padding_aspect,3,scored,3.40,T200,769,1783,,scored,,,,0,clothed→model,model,model,true,9%,full,0.886,,1816.3747,0.59830095,true,pass,0.0178,22.7,0.0104,48.686,54.60,66.55,79.69,77.66,whr+vTaper+shoulderHip+legTorso+symmetry,9.00,9.00,8.77,7.15–10.00,9.00,8.77,7.15–10.00,unknown,50%,unconfirmed,,,,,true
T200__resolution_256,T200__resolution_256.jpg,713fca196084cd5d46aa10203c3ff92b6b0e017220bfe564de6268d1e613685f,T200,T200.jpg,resolution_256,resolution,3,scored,3.40,T200,138,256,,scored,,,,0,clothed→model,model,model,true,7%,full,0.953,,280.7022,0.55163941,true,pass,0.0274,7.9,0.0240,44.286,51.79,64.30,81.41,80.11,whr+vTaper+shoulderHip+legTorso+symmetry,8.00,8.00,7.94,6.95–10.00,8.00,7.94,6.95–10.00,f,,guess,,,,,true
T200__brightness_70,T200__brightness_70.jpg,aa303079215615a9da532889f51bd945d1aa4d9873296cedc5caeb6367ca0148,T200,T200.jpg,brightness_70,lighting,3,scored,3.40,T200,961,1783,,scored,,,,0,clothed→model,model,model,true,6%,full,0.936,,1918.2839,0.53436141,true,pass,0.0394,7.3,0.0365,42.673,51.22,63.54,80.45,77.79,whr+vTaper+shoulderHip+legTorso+symmetry,7.50,7.50,7.74,6.86–10.00,7.50,7.74,6.86–10.00,f,,guess,,,,,true
T200__brightness_130,T200__brightness_130.jpg,b0d3c01b3c0ba38f920ded7104eff1c4f69b4f3c484ded59d32f8d392085044b,T200,T200.jpg,brightness_130,lighting,3,scored,3.40,T200,961,1783,,scored,,,,0,clothed→model,model,model,true,9%,full,0.923,,1892.6429,0.52535891,true,pass,0.0280,7.4,0.0157,42.636,52.53,65.07,81.36,79.06,whr+vTaper+shoulderHip+legTorso+symmetry,7.50,7.50,7.73,6.86–10.00,7.50,7.73,6.86–10.00,f,,guess,,,,,true
T200__contrast_70,T200__contrast_70.jpg,bbc970864cd296164b36e4c5990c44980d23f6fa114297d9a5391567ec7e5e37,T200,T200.jpg,contrast_70,lighting,3,scored,3.40,T200,961,1783,,scored,,,,0,clothed→model,model,model,true,7%,full,0.948,,1943.8402,0.54652472,true,pass,0.0264,11.1,0.0170,39.609,51.69,64.42,81.51,79.29,whr+vTaper+shoulderHip+legTorso+symmetry,7.50,7.50,7.39,6.69–10.00,7.50,7.39,6.69–10.00,f,,guess,,,,,true
T200__contrast_130,T200__contrast_130.jpg,431ab6c11ff0b6552b3714925838c5e273d959e8034a219edfb2fc7d5f55aba6,T200,T200.jpg,contrast_130,lighting,3,scored,3.40,T200,961,1783,,scored,,,,0,clothed→model,model,model,true,9%,full,0.952,,1951.7249,0.55018126,true,pass,0.0166,10.4,0.0217,46.101,52.59,64.96,80.96,78.66,whr+vTaper+shoulderHip+legTorso+symmetry,8.00,8.00,8.20,7.03–10.00,8.00,8.20,7.03–10.00,f,,guess,,,,,true
T200__side_lighting,T200__side_lighting.jpg,89c9542fc6b62c9bef52757c209c3bd69c5345a53a3cbfecc20d1c228af0fd89,T200,T200.jpg,side_lighting,lighting,3,scored,3.40,T200,961,1783,,scored,,,,0,clothed→model,model,model,true,7%,full,0.931,,1908.1195,0.52938734,true,pass,0.0210,3.1,0.0217,39.958,51.80,64.31,81.03,78.56,whr+vTaper+shoulderHip+legTorso+symmetry,7.50,7.50,7.41,6.70–10.00,7.50,7.41,6.70–10.00,unknown,64%,unconfirmed,,,,,true
T200__jpeg_q35,T200__jpeg_q35.jpg,4a1ed27bfcc705a64350502b1d78f1a3982668db1993ba3d8e84cb28e173134c,T200,T200.jpg,jpeg_q35,jpeg,3,scored,3.40,T200,961,1783,,scored,,,,0,clothed→model,model,model,true,8%,full,0.936,,1920.1938,0.53528722,true,pass,0.0245,5.4,0.0268,38.145,51.62,63.98,80.41,77.44,whr+vTaper+shoulderHip+legTorso+symmetry,7.00,7.00,7.14,6.53–8.70,7.00,7.14,6.53–8.70,unknown,62%,unconfirmed,,,,,true
T200__rotate_3,T200__rotate_3.jpg,117bb3dbbba53fea35a15d71356eb655772811b332895602baf06aa322e9290f,T200,T200.jpg,rotate_3,rotation_camera_like,3,scored,3.40,T200,961,1783,,scored,,,,0,clothed→model,model,model,true,7%,full,0.953,,1954.4684,0.55144321,true,pass,0.0273,12.9,0.0520,42.328,51.23,63.49,80.90,79.47,whr+vTaper+shoulderHip+legTorso+symmetry,7.50,7.50,7.68,6.84–10.00,7.50,7.68,6.84–10.00,f,,guess,,,,,true
T200__perspective_mild,T200__perspective_mild.jpg,3b03a3a97f16d713d705fe9ef1e317f83f23047fef92acc8811b4b2336eee057,T200,T200.jpg,perspective_mild,rotation_camera_like,3,scored,3.40,T200,961,1783,,scored,,,,0,clothed→model,model,model,true,8%,full,0.963,,1974.8384,0.56064902,true,pass,0.0179,3.4,0.0204,42.416,51.54,64.23,81.79,80.48,whr+vTaper+shoulderHip+legTorso+symmetry,7.50,7.50,7.69,6.84–10.00,7.50,7.69,6.84–10.00,unknown,58%,unconfirmed,,,,,true
T200__gaussian_blur_1_5,T200__gaussian_blur_1_5.jpg,7b576c58ad2160cb66232814126fb08eca98b16bf2774ff2a23677fb35981bbb,T200,T200.jpg,gaussian_blur_1_5,rotation_camera_like,3,scored,3.40,T200,961,1783,,scored,,,,0,clothed→model,model,model,true,8%,full,0.944,,1934.9672,0.54235625,true,pass,0.0258,5.9,0.0343,39.266,51.24,63.45,80.28,78.32,whr+vTaper+shoulderHip+legTorso+symmetry,7.50,7.50,7.37,6.68–10.00,7.50,7.37,6.68–10.00,f,,guess,,,,,true
T170__original,T170__original.jpg,6fe29d558fb66866d308ff8c9fe7bcec2526d1afccf920050aece0cae6cdcde9,T170,T170.jpg,original,control,3,scored,4.62,T170,961,1783,,scored,,,,0,clothed→model,model,model,true,6%,full,0.946,,1940.3772,0.54490464,true,pass,0.0103,3.7,0.0181,37.872,52.36,64.60,80.48,78.85,whr+vTaper+shoulderHip+legTorso+symmetry,7.00,7.00,7.13,6.52–8.63,7.00,7.13,6.52–8.63,f,,guess,,,,,true
T170__mirror,T170__mirror.jpg,359da0bbb49f1f2be424721f8770206a3469b623b657db768aad611dbf56c80f,T170,T170.jpg,mirror,mirror,3,scored,4.62,T170,961,1783,,scored,,,,0,clothed→model,model,model,true,7%,full,0.949,,1946.7162,0.54786362,true,pass,0.0190,0.9,0.0225,38.955,52.81,65.14,81.14,80.49,whr+vTaper+shoulderHip+legTorso+symmetry,7.50,7.50,7.27,6.61–10.00,7.50,7.27,6.61–10.00,unknown,53%,unconfirmed,,,,,true
T170__crop_center_10,T170__crop_center_10.jpg,c656d0a1d77c58576e1bb017d20bccaf8e293fb58700e4ef96e57da6e166b792,T170,T170.jpg,crop_center_10,crop,3,scored,4.62,T170,769,1427,,scored,,,,0,clothed→geometry,geometry,geometry,false,10%,torso,1.000,framing,1641.0500,0.59251964,true,degraded,0.0302,10.9,,,53.09,65.28,64.98,67.87,whr+vTaper+shoulderHip,6.50–6.50,6.50–6.50,6.33–6.73,4.86–10.00,6.50–6.50,6.33–6.73,4.86–10.00,unknown,64%,unconfirmed,non-standard framing: the photo is cropped above the feet — the score scale was calibrated on full-body shots — scored anyway at reduced accuracy,,,,true
T170__crop_legs_20,T170__crop_legs_20.jpg,1eb6e633114be56d95bfda1470b8eb02ca6f41b54194aeaf2c6ea8e3a280b59b,T170,T170.jpg,crop_legs_20,crop,3,scored,4.62,T170,961,1426,,scored,,,,0,clothed→geometry,geometry,geometry,false,8%,torso,1.000,framing,1639.9000,0.49042492,true,degraded,0.0161,6.2,,,45.05,59.51,78.72,78.48,whr+vTaper+shoulderHip,7.50,7.50,7.46,5.57–10.00,7.50,7.46,5.57–10.00,f,,guess,non-standard framing: the photo is cropped above the feet — the score scale was calibrated on full-body shots — scored anyway at reduced accuracy,,,,true
T170__pad_wide_black,T170__pad_wide_black.jpg,96e2a56402dfecf7df2cb2bb2cba5095f2066b53ddc6074bb04874f05563f281,T170,T170.jpg,pad_wide_black,padding_aspect,3,scored,4.62,T170,1345,1783,,scored,,,,0,clothed→model,model,model,true,8%,full,0.947,,1942.2834,0.36430554,true,pass,0.0273,5.6,0.0308,38.368,50.01,63.97,42.59,39.65,whr+vTaper+shoulderHip+legTorso+symmetry,7.00,7.00,7.16,6.54–8.86,7.00,7.16,6.54–8.86,f,,guess,,,,,true
T170__pad_tall_black,T170__pad_tall_black.jpg,c6d02bab7676e4f0a7b61a372fb6e7860c086a95221a0e25a50ef3d58f412c64,T170,T170.jpg,pad_tall_black,padding_aspect,3,scored,4.62,T170,961,2318,,scored,,,,0,clothed→model,model,model,true,3%,full,0.765,,2038.3357,0.52853694,true,pass,0.0227,1.8,0.0192,41.594,50.78,63.02,80.04,78.71,whr+vTaper+shoulderHip+legTorso+symmetry,7.50,7.50,7.52,6.76–10.00,7.50,7.52,6.76–10.00,unknown,63%,unconfirmed,,,,,true
T170__canvas_light_gray,T170__canvas_light_gray.jpg,2c04f780344d8a4e892a326f4ff5d67fa1498da170ab7b9f2e17684ecb8d8c2f,T170,T170.jpg,canvas_light_gray,background_canvas,3,scored,4.62,T170,1201,2229,,scored,,,,0,clothed→model,model,model,true,3%,full,0.774,,1983.3094,0.39444648,true,pass,0.0142,5.1,0.0167,42.634,50.09,61.62,77.05,75.51,whr+vTaper+shoulderHip+legTorso+symmetry,7.50,7.50,7.73,6.86–10.00,7.50,7.73,6.86–10.00,unknown,59%,unconfirmed,,,,,true
T170__aspect_squeeze_80,T170__aspect_squeeze_80.jpg,d5fa00e353ac13155cc7396e5a890502e85c54de13624217ddff23e971cc9fdb,T170,T170.jpg,aspect_squeeze_80,padding_aspect,3,scored,4.62,T170,769,1783,,scored,,,,0,clothed→model,model,model,true,9%,full,0.891,,1826.9838,0.59649316,true,pass,0.0228,6.2,0.0200,44.185,54.26,66.23,79.95,78.94,whr+vTaper+shoulderHip+legTorso+symmetry,8.00,8.00,7.93,6.94–10.00,8.00,7.93,6.94–10.00,m,87%,model,,,,,true
T170__resolution_256,T170__resolution_256.jpg,1473c6ee8fbb1050790270655439d9d262a68d4110187f61f4dbb4a1e1879160,T170,T170.jpg,resolution_256,resolution,3,scored,4.62,T170,138,256,,scored,,,,0,clothed→model,model,model,true,9%,full,0.948,,279.0064,0.54617275,true,pass,0.0247,3.3,0.0278,41.602,53.25,65.58,81.01,77.96,whr+vTaper+shoulderHip+legTorso+symmetry,7.50,7.50,7.53,6.76–10.00,7.50,7.53,6.76–10.00,f,,guess,,,,,true
T170__brightness_70,T170__brightness_70.jpg,47b99208e7cd243287189cb1016dc9c7f328f9a4a8f68c5cf49bc015a595686a,T170,T170.jpg,brightness_70,lighting,3,scored,4.62,T170,961,1783,,scored,,,,0,clothed→model,model,model,true,5%,full,0.952,,1951.5159,0.55008491,true,pass,0.0312,4.1,0.0241,40.489,52.06,63.90,78.95,76.64,whr+vTaper+shoulderHip+legTorso+symmetry,7.50,7.50,7.44,6.71–10.00,7.50,7.44,6.71–10.00,f,,guess,,,,,true
T170__brightness_130,T170__brightness_130.jpg,d4928b40752421ac470844bbba5d1bbe9aa73c6b91af3dc5b5a8757c86032291,T170,T170.jpg,brightness_130,lighting,3,scored,4.62,T170,961,1783,,scored,,,,0,clothed→model,model,model,true,8%,full,0.936,,1919.8816,0.53513610,true,pass,0.0148,4.8,0.0275,43.315,52.59,64.86,80.93,80.88,whr+vTaper+shoulderHip+legTorso+symmetry,8.00,8.00,7.83,6.90–10.00,8.00,7.83,6.90–10.00,f,,guess,,,,,true
T170__contrast_70,T170__contrast_70.jpg,7676cc165b426e649545b3650db07961a4b908cb05e2d36b46d8a8260d843e9d,T170,T170.jpg,contrast_70,lighting,3,scored,4.62,T170,961,1783,,scored,,,,0,clothed→model,model,model,true,7%,full,0.957,,1962.0469,0.55490167,true,pass,0.0170,9.2,0.0178,44.473,52.38,64.63,80.58,79.64,whr+vTaper+shoulderHip+legTorso+symmetry,8.00,8.00,7.96,6.96–10.00,8.00,7.96,6.96–10.00,f,,guess,,,,,true
T170__contrast_130,T170__contrast_130.jpg,68e5ee1eff58e833bd6a95cedcf5494167671fbc03f8e19ee381112dc757341b,T170,T170.jpg,contrast_130,lighting,3,scored,4.62,T170,961,1783,,scored,,,,0,clothed→model,model,model,true,7%,full,0.929,,1904.2146,0.52824325,true,pass,0.0023,6.8,0.0105,42.449,53.06,65.47,81.18,79.72,whr+vTaper+shoulderHip+legTorso+symmetry,7.50,7.50,7.70,6.85–10.00,7.50,7.70,6.85–10.00,unknown,58%,unconfirmed,,,,,true
T170__side_lighting,T170__side_lighting.jpg,95572b2544b06c4df9e85e9ecdb2b8eb9e9633238e5e9392b5b2e547ff5cb3b9,T170,T170.jpg,side_lighting,lighting,3,scored,4.62,T170,961,1783,,scored,,,,0,clothed→model,model,model,true,6%,full,0.949,,1945.5874,0.54733883,true,pass,0.0165,0.4,0.0239,37.641,52.62,64.87,80.73,79.12,whr+vTaper+shoulderHip+legTorso+symmetry,7.00,7.00,7.12,6.51–8.57,7.00,7.12,6.51–8.57,f,,guess,,,,,true
T170__jpeg_q35,T170__jpeg_q35.jpg,5c2e91714ef68ca1394b9f777dd25fca84f8473f7089ade67a4d3f7e65273065,T170,T170.jpg,jpeg_q35,jpeg,3,scored,4.62,T170,961,1783,,scored,,,,0,clothed→model,model,model,true,8%,full,0.947,,1941.2908,0.54533287,true,pass,0.0126,1.5,0.0209,37.790,52.84,64.99,80.40,78.89,whr+vTaper+shoulderHip+legTorso+symmetry,7.00,7.00,7.12,6.52–8.60,7.00,7.12,6.52–8.60,f,,guess,,,,,true
T170__rotate_3,T170__rotate_3.jpg,a908c2efe8692a776b91418602c7364d5121021beaa29e1b7e8e887ecc37f623,T170,T170.jpg,rotate_3,rotation_camera_like,3,scored,4.62,T170,961,1783,,scored,,,,0,clothed→model,model,model,true,7%,full,0.957,,1961.8951,0.55483279,true,pass,0.0242,13.8,0.0439,40.341,52.93,64.61,79.01,78.06,whr+vTaper+shoulderHip+legTorso+symmetry,7.50,7.50,7.43,6.71–10.00,7.50,7.43,6.71–10.00,f,80%,model,,,,,true
T170__perspective_mild,T170__perspective_mild.jpg,d14fb9ac2d2259b94c613f008daa9d7a32216bccabd086893628eea1cceef11a,T170,T170.jpg,perspective_mild,rotation_camera_like,3,scored,4.62,T170,961,1783,,scored,,,,0,clothed→model,model,model,true,7%,full,0.970,,1988.0843,0.56648401,true,pass,0.0114,7.3,0.0245,40.282,52.12,64.55,81.21,79.55,whr+vTaper+shoulderHip+legTorso+symmetry,7.50,7.50,7.43,6.71–10.00,7.50,7.43,6.71–10.00,unknown,51%,unconfirmed,,,,,true
T170__gaussian_blur_1_5,T170__gaussian_blur_1_5.jpg,c4ec02c8841998e51eaffc90bea175c5a96ac8ffef6ccff36f9776cfbc6c4dd6,T170,T170.jpg,gaussian_blur_1_5,rotation_camera_like,3,scored,4.62,T170,961,1783,,scored,,,,0,clothed→model,model,model,true,8%,full,0.950,,1947.1611,0.54807020,true,pass,0.0252,4.5,0.0239,38.323,52.69,64.90,80.67,80.24,whr+vTaper+shoulderHip+legTorso+symmetry,7.00,7.00,7.15,6.54–8.78,7.00,7.15,6.54–8.78,f,,guess,,,,,true
H030__original,H030__original.jpg,50cc8926bbae834468473c8c1f8c6a28b7d93e210bb25820af0b1a6d05a36703,H030,H030.jpg,original,control,3,scored,6.57,H030,961,1783,,scored,,,,0,clothed→model,model,model,true,0%,full,0.969,,1987.8933,0.56640069,true,pass,0.0100,18.0,0.0185,37.279,48.87,61.88,78.85,82.10,whr+vTaper+shoulderHip+legTorso+symmetry,7.00,7.00,7.10,6.50–8.48,7.00,7.10,6.50–8.48,unknown,54%,unconfirmed,,,,,true
H030__mirror,H030__mirror.jpg,a173c5bd3e51cb2b4737c0eb5f3f60e77767e8ccab69e56da1c0c783c96c7b9b,H030,H030.jpg,mirror,mirror,3,scored,6.57,H030,961,1783,,scored,,,,0,clothed→model,model,model,true,0%,full,0.972,,1992.3653,0.56834500,true,pass,0.0122,9.3,0.0219,39.868,47.92,60.87,76.28,79.17,whr+vTaper+shoulderHip+legTorso+symmetry,7.50,7.50,7.41,6.69–10.00,7.50,7.41,6.69–10.00,unknown,58%,unconfirmed,,,,,true
H030__crop_center_10,H030__crop_center_10.jpg,c7d3fc20e7200721d239f410ad1894e2ed956c11a00b0f9a193b23e3dc30c319,H030,H030.jpg,crop_center_10,crop,3,scored,6.57,H030,769,1427,,scored,,,,0,clothed→geometry,geometry,geometry,false,0%,torso,1.000,framing,1641.0500,0.59251964,true,degraded,0.0280,3.2,,,35.33,51.04,78.23,83.13,whr+vTaper+shoulderHip,5.50–7.50,5.50–7.50,5.47–7.71,3.64–10.00,5.50–7.50,5.47–7.71,3.64–10.00,unknown,56%,unconfirmed,non-standard framing: the photo is cropped above the feet — the score scale was calibrated on full-body shots — scored anyway at reduced accuracy,,,,true
H030__crop_legs_20,H030__crop_legs_20.jpg,64956934c11e0fa40ea91994c882477145cd24008f405ff6f356973e6fdd03de,H030,H030.jpg,crop_legs_20,crop,3,scored,6.57,H030,961,1426,,scored,,,,0,clothed→geometry,geometry,geometry,false,0%,torso,1.000,framing,1639.9000,0.49042492,true,degraded,0.0133,4.5,,,38.42,53.29,75.76,81.52,whr+vTaper+shoulderHip,5.50–7.50,5.50–7.50,5.62–7.46,3.96–10.00,5.50–7.50,5.62–7.46,3.96–10.00,unknown,69%,unconfirmed,non-standard framing: the photo is cropped above the feet — the score scale was calibrated on full-body shots — scored anyway at reduced accuracy,,,,true
H030__pad_wide_black,H030__pad_wide_black.jpg,6970e5cab96e9c80ee329f90bdbc01e152e186e806e83972970ba88d4db9bc02,H030,H030.jpg,pad_wide_black,padding_aspect,3,scored,6.57,H030,1345,1783,,scored,,,,0,clothed→model,model,model,true,0%,full,0.972,,1992.9190,0.39619829,true,pass,0.0094,3.7,0.0107,38.469,47.94,63.10,38.77,37.58,whr+vTaper+shoulderHip+legTorso+symmetry,7.00,7.00,7.18,6.56–9.11,7.00,7.18,6.56–9.11,unknown,67%,unconfirmed,,,,,true
H030__pad_tall_black,H030__pad_tall_black.jpg,377432f141d36daabddefd7c886686f7cb99291168ac010ee67a42089e4a73e7,H030,H030.jpg,pad_tall_black,padding_aspect,3,scored,6.57,H030,961,2318,,scored,,,,0,clothed→model,model,model,true,0%,full,0.763,,2032.6640,0.52722142,true,pass,0.0125,3.5,0.0105,40.152,46.24,58.92,75.76,78.54,whr+vTaper+shoulderHip+legTorso+symmetry,7.50,7.50,7.42,6.70–10.00,7.50,7.42,6.70–10.00,unknown,52%,unconfirmed,,,,,true
H030__canvas_light_gray,H030__canvas_light_gray.jpg,d2b4ef3563a667376870a563aa4afc8f47e1de319216ef1dd19ae764e6dd7ff5,H030,H030.jpg,canvas_light_gray,background_canvas,3,scored,6.57,H030,1201,2229,,scored,,,,0,clothed→model,model,model,true,0%,full,0.765,,1960.3521,0.38735495,true,pass,0.0100,1.2,0.0125,40.709,48.41,61.16,76.29,79.67,whr+vTaper+shoulderHip+legTorso+symmetry,7.50,7.50,7.45,6.72–10.00,7.50,7.45,6.72–10.00,f,91%,model,,,,,true
H030__aspect_squeeze_80,H030__aspect_squeeze_80.jpg,38ab965ba012a0f27e6ff5aabaa325adf2b38e2f6d49d987a6c3ac3039df5ae9,H030,H030.jpg,aspect_squeeze_80,padding_aspect,3,scored,6.57,H030,769,1783,,scored,,,,0,clothed→model,model,model,true,0%,full,0.967,,1983.5199,0.65149859,true,pass,0.0226,15.4,0.0293,46.602,48.81,61.75,78.78,81.96,whr+vTaper+shoulderHip+legTorso+symmetry,8.50,8.50,8.29,7.06–10.00,8.50,8.29,7.06–10.00,f,,guess,,,,,true
H030__resolution_256,H030__resolution_256.jpg,938fa1cdb35a9f8662f9fda70eedc3ce081c93f0a3c89ff979d5906673087f79,H030,H030.jpg,resolution_256,resolution,3,scored,6.57,H030,138,256,,scored,,,,0,clothed→model,model,model,true,0%,full,0.973,,286.3137,0.56904208,true,pass,0.0183,7.0,0.0158,39.069,49.59,62.31,76.97,80.73,whr+vTaper+shoulderHip+legTorso+symmetry,7.50,7.50,7.29,6.63–10.00,7.50,7.29,6.63–10.00,f,,guess,,,,,true
H030__brightness_70,H030__brightness_70.jpg,c2e361ce3ea5ea8555c6a892159efbbb7479c19a6d51e12ac9aef608b7d70843,H030,H030.jpg,brightness_70,lighting,3,scored,6.57,H030,961,1783,,scored,,,,0,clothed→model,model,model,true,0%,full,0.969,,1987.2453,0.56611787,true,pass,0.0187,8.2,0.0157,37.094,48.91,61.95,78.89,82.16,whr+vTaper+shoulderHip+legTorso+symmetry,7.00,7.00,7.09,6.50–8.44,7.00,7.09,6.50–8.44,unknown,64%,unconfirmed,,,,,true
H030__brightness_130,H030__brightness_130.jpg,9098c32e0f6d970e9d78dab719dc69103e135115806569804a9d6a4581db6767,H030,H030.jpg,brightness_130,lighting,3,scored,6.57,H030,961,1783,,scored,,,,0,clothed→model,model,model,true,0%,full,0.971,,1991.3135,0.56788889,true,pass,0.0122,6.6,0.0142,39.843,49.00,62.09,79.66,82.89,whr+vTaper+shoulderHip+legTorso+symmetry,7.50,7.50,7.40,6.69–10.00,7.50,7.40,6.69–10.00,unknown,57%,unconfirmed,,,,,true
H030__contrast_70,H030__contrast_70.jpg,293adab12aa1933eb5be3693a793ecdc61a265fefff81a5ae6ec8a54ef939cd6,H030,H030.jpg,contrast_70,lighting,3,scored,6.57,H030,961,1783,,scored,,,,0,clothed→model,model,model,true,0%,full,0.970,,1988.6388,0.56672573,true,pass,0.0078,13.3,0.0081,37.039,48.93,62.01,78.91,82.23,whr+vTaper+shoulderHip+legTorso+symmetry,7.00,7.00,7.09,6.50–8.43,7.00,7.09,6.50–8.43,unknown,60%,unconfirmed,,,,,true
H030__contrast_130,H030__contrast_130.jpg,fca6ded542c9bb9084635dcdbee4218f8004aa8beb03d919b72f2c1d117a2c94,H030,H030.jpg,contrast_130,lighting,3,scored,6.57,H030,961,1783,,scored,,,,0,clothed→model,model,model,true,0%,full,0.974,,1997.1013,0.57038986,true,pass,0.0060,6.8,0.0126,37.997,49.25,62.14,78.16,81.68,whr+vTaper+shoulderHip+legTorso+symmetry,7.00,7.00,7.13,6.53–8.66,7.00,7.13,6.53–8.66,unknown,65%,unconfirmed,,,,,true
H030__side_lighting,H030__side_lighting.jpg,8e8fecc23acc7afe7ad7b995f4eda3b2b929b9a88522c1d38696abbcae4a15c4,H030,H030.jpg,side_lighting,lighting,3,scored,6.57,H030,961,1783,,scored,,,,0,clothed→model,model,model,true,0%,full,0.971,,1991.5571,0.56799458,true,pass,0.0168,12.6,0.0203,37.923,48.84,61.84,78.82,82.06,whr+vTaper+shoulderHip+legTorso+symmetry,7.00,7.00,7.13,6.52–8.64,7.00,7.13,6.52–8.64,unknown,55%,unconfirmed,,,,,true
H030__jpeg_q35,H030__jpeg_q35.jpg,eaf7041d5e4c05d490c91f07a7f9038925661e2c6d5724713c3a3e546e85e1a8,H030,H030.jpg,jpeg_q35,jpeg,3,scored,6.57,H030,961,1783,,scored,,,,0,clothed→model,model,model,true,0%,full,0.974,,1998.0662,0.57080469,true,pass,0.0166,13.2,0.0138,38.286,48.93,61.98,78.90,82.19,whr+vTaper+shoulderHip+legTorso+symmetry,7.00,7.00,7.14,6.53–8.75,7.00,7.14,6.53–8.75,unknown,69%,unconfirmed,,,,,true
H030__rotate_3,H030__rotate_3.jpg,89939ec60bcc6fa4b88aefd711721ba28ddeb344f09865d1e4c4df21bdc82191,H030,H030.jpg,rotate_3,rotation_camera_like,3,scored,6.57,H030,961,1783,,scored,,,,0,clothed→model,model,model,true,0%,full,0.972,,1992.6686,0.56847636,true,pass,0.0121,16.0,0.0357,41.024,48.37,61.27,78.12,81.14,whr+vTaper+shoulderHip+legTorso+symmetry,7.50,7.50,7.46,6.73–10.00,7.50,7.46,6.73–10.00,unknown,53%,unconfirmed,,,,,true
H030__perspective_mild,H030__perspective_mild.jpg,62ae96e9f7a5be0262d8b8b7a93db32144b368ff540e0b0c76dddbf19994cc17,H030,H030.jpg,perspective_mild,rotation_camera_like,3,scored,6.57,H030,961,1783,,scored,,,,0,clothed→model,model,model,true,0%,full,0.984,,2017.7513,0.57913823,true,pass,0.0240,11.6,0.0204,39.422,48.18,61.17,76.66,79.62,whr+vTaper+shoulderHip+legTorso+symmetry,7.50,7.50,7.38,6.68–10.00,7.50,7.38,6.68–10.00,unknown,71%,unconfirmed,,,,,true
H030__gaussian_blur_1_5,H030__gaussian_blur_1_5.jpg,ce9b2815fc0964047ec2483233c25a09cf7747847b27ab283fc86d4d55671eb2,H030,H030.jpg,gaussian_blur_1_5,rotation_camera_like,3,scored,6.57,H030,961,1783,,scored,,,,0,clothed→model,model,model,true,0%,full,0.975,,1998.6898,0.57107245,true,pass,0.0114,1.5,0.0133,39.018,48.53,61.58,78.27,81.46,whr+vTaper+shoulderHip+legTorso+symmetry,7.50,7.50,7.28,6.62–10.00,7.50,7.28,6.62–10.00,unknown,58%,unconfirmed,,,,,true
T130__original,T130__original.jpg,617aa882e6d147ac330f5e09eee689ce036794279761dc1646d5154d0a1be831,T130,T130.jpg,original,control,4,scored,6.58,T130,961,1783,,scored,,,,0,clothed→model,model,model,true,6%,full,0.949,,1946.7277,0.54786896,true,pass,0.0061,5.2,0.0089,37.501,53.91,65.87,79.31,80.17,whr+vTaper+shoulderHip+legTorso+symmetry,7.00,7.00,7.11,6.51–8.53,7.00,7.11,6.51–8.53,unknown,58%,unconfirmed,,,,,true
T130__mirror,T130__mirror.jpg,f87abbb2966e57c22d3fcfdaff20987aa7f1e74106ba9fa282386f0552465776,T130,T130.jpg,mirror,mirror,4,scored,6.58,T130,961,1783,,scored,,,,0,clothed→model,model,model,true,7%,full,0.949,,1945.9914,0.54752678,true,pass,0.0106,0.0,0.0232,40.160,54.41,66.16,78.94,79.06,whr+vTaper+shoulderHip+legTorso+symmetry,7.50,7.50,7.42,6.70–10.00,7.50,7.42,6.70–10.00,f,,guess,,,,,true
T130__crop_center_10,T130__crop_center_10.jpg,750266c215ad468268ba2a2cb878c2ffe6be046665eb8e20978dc203da2b2d4f,T130,T130.jpg,crop_center_10,crop,4,scored,6.58,T130,769,1427,,scored,,,,0,clothed→geometry,geometry,geometry,false,10%,torso,1.000,framing,1641.0500,0.59251964,true,degraded,0.0226,22.1,,,53.38,65.40,64.18,68.82,whr+vTaper+shoulderHip,6.50–6.50,6.50–6.50,6.33–6.74,4.86–10.00,6.50–6.50,6.33–6.74,4.86–10.00,unknown,65%,unconfirmed,non-standard framing: the photo is cropped above the feet — the score scale was calibrated on full-body shots — scored anyway at reduced accuracy,,,,true
T130__crop_legs_20,T130__crop_legs_20.jpg,b384f69ce20763fc20cbf435618721f5c166be78a043916f63f82d35690390ab,T130,T130.jpg,crop_legs_20,crop,4,scored,6.58,T130,961,1426,,scored,,,,0,clothed→geometry,geometry,geometry,false,8%,torso,1.000,framing,1639.9000,0.49042492,true,degraded,0.0138,8.2,,,46.55,60.41,75.15,78.30,whr+vTaper+shoulderHip,7.50,7.50,7.30,5.50–10.00,7.50,7.30,5.50–10.00,f,,guess,non-standard framing: the photo is cropped above the feet — the score scale was calibrated on full-body shots — scored anyway at reduced accuracy,,,,true
T130__pad_wide_black,T130__pad_wide_black.jpg,a34e81d0bb741defeb79082a7b99c4ff37f11b593138df7e5af25b72e2e3e15e,T130,T130.jpg,pad_wide_black,padding_aspect,4,scored,6.58,T130,1345,1783,,scored,,,,0,clothed→model,model,model,true,8%,full,0.950,,1948.4297,0.36830977,true,pass,0.0214,6.9,0.0209,40.263,52.07,65.55,46.40,42.40,whr+vTaper+shoulderHip+legTorso+symmetry,7.50,7.50,7.42,6.71–10.00,7.50,7.42,6.71–10.00,f,,guess,,,,,true
T130__pad_tall_black,T130__pad_tall_black.jpg,a7fc08dca6c72010e5cf8fa6fa751369da9c5d60de4d23bc460b8c3f729d202c,T130,T130.jpg,pad_tall_black,padding_aspect,4,scored,6.58,T130,961,2318,,scored,,,,0,clothed→model,model,model,true,2%,full,0.765,,2038.3487,0.52853994,true,pass,0.0198,3.1,0.0184,41.138,51.90,63.59,78.00,78.34,whr+vTaper+shoulderHip+legTorso+symmetry,7.50,7.50,7.47,6.73–10.00,7.50,7.47,6.73–10.00,unknown,63%,unconfirmed,,,,,true
T130__canvas_light_gray,T130__canvas_light_gray.jpg,4c0ec4a949f3547c2249409b167ad43324b358913a979e6d425b81eb63a0b6c4,T130,T130.jpg,canvas_light_gray,background_canvas,4,scored,6.58,T130,1201,2229,,scored,,,,0,clothed→model,model,model,true,3%,full,0.766,,1963.1978,0.38824299,true,pass,0.0072,9.5,0.0059,40.657,51.75,63.14,76.30,76.30,whr+vTaper+shoulderHip+legTorso+symmetry,7.50,7.50,7.44,6.72–10.00,7.50,7.44,6.72–10.00,f,85%,model,,,,,true
T130__aspect_squeeze_80,T130__aspect_squeeze_80.jpg,fcd14be4f81509b79bdb46ab5c55deb86428074ac23f85b1b8ef7b3cce91da40,T130,T130.jpg,aspect_squeeze_80,padding_aspect,4,scored,6.58,T130,769,1783,,scored,,,,0,clothed→model,model,model,true,9%,full,0.907,,1860.1792,0.60388302,true,pass,0.0241,13.8,0.0214,50.066,55.44,66.84,77.02,78.73,whr+vTaper+shoulderHip+legTorso+symmetry,9.00,9.00,8.86,7.16–10.00,9.00,8.86,7.16–10.00,m,79%,model,,,,,true
T130__resolution_256,T130__resolution_256.jpg,a633a46603c4a8315af9491eb428582d12eb4f849af276344c49297d2a7b4e33,T130,T130.jpg,resolution_256,resolution,4,scored,6.58,T130,138,256,,scored,,,,0,clothed→model,model,model,true,9%,full,0.957,,281.6965,0.55479886,true,pass,0.0231,10.1,0.0188,39.505,55.31,66.77,77.26,78.64,whr+vTaper+shoulderHip+legTorso+symmetry,7.50,7.50,7.39,6.68–10.00,7.50,7.39,6.68–10.00,f,,guess,,,,,true
T130__brightness_70,T130__brightness_70.jpg,d5a403fc55959c4514745e46686bfa4fed2edf5bbd9c34815658d2c80eb9c10c,T130,T130.jpg,brightness_70,lighting,4,scored,6.58,T130,961,1783,,scored,,,,0,clothed→model,model,model,true,6%,full,0.950,,1948.6186,0.54874603,true,pass,0.0093,0.4,0.0186,42.730,53.69,65.40,78.36,79.24,whr+vTaper+shoulderHip+legTorso+symmetry,7.50,7.50,7.75,6.87–10.00,7.50,7.75,6.87–10.00,unknown,57%,unconfirmed,,,,,true
T130__brightness_130,T130__brightness_130.jpg,051486c400c2601f9d7e1b6d60f39ac57f3bb496761c654db399ee838f57412e,T130,T130.jpg,brightness_130,lighting,4,scored,6.58,T130,961,1783,,scored,,,,0,clothed→model,model,model,true,7%,full,0.946,,1938.9112,0.54421620,true,pass,0.0061,8.1,0.0131,39.606,54.13,65.98,78.65,80.55,whr+vTaper+shoulderHip+legTorso+symmetry,7.50,7.50,7.39,6.69–10.00,7.50,7.39,6.69–10.00,f,,guess,,,,,true
T130__contrast_70,T130__contrast_70.jpg,3e28e718a35430f4c10cb5c4bab4eb9a9ddcba64e625d91e8f1871a422a5c34b,T130,T130.jpg,contrast_70,lighting,4,scored,6.58,T130,961,1783,,scored,,,,0,clothed→model,model,model,true,7%,full,0.965,,1978.6032,0.56231937,true,pass,0.0037,2.9,0.0137,39.193,54.08,65.89,78.74,79.73,whr+vTaper+shoulderHip+legTorso+symmetry,7.50,7.50,7.34,6.66–10.00,7.50,7.34,6.66–10.00,f,,guess,,,,,true
T130__contrast_130,T130__contrast_130.jpg,c64b1fcfe22ea001fe69b7c727935640fe145519a118f6b6165a7525eec00558,T130,T130.jpg,contrast_130,lighting,4,scored,6.58,T130,961,1783,,scored,,,,0,clothed→model,model,model,true,8%,full,0.943,,1933.4985,0.54166074,true,pass,0.0154,3.2,0.0261,39.012,54.55,66.07,77.70,78.95,whr+vTaper+shoulderHip+legTorso+symmetry,7.50,7.50,7.28,6.62–10.00,7.50,7.28,6.62–10.00,f,,guess,,,,,true
T130__side_lighting,T130__side_lighting.jpg,080cab5a47679e823106ca217d5cc5117c3cce3d18d660d29597deb31724b6a3,T130,T130.jpg,side_lighting,lighting,4,scored,6.58,T130,961,1783,,scored,,,,0,clothed→model,model,model,true,7%,full,0.949,,1946.1904,0.54761930,true,pass,0.0203,12.3,0.0221,37.740,53.77,65.77,79.87,80.53,whr+vTaper+shoulderHip+legTorso+symmetry,7.00,7.00,7.12,6.52–8.59,7.00,7.12,6.52–8.59,f,,guess,,,,,true
T130__jpeg_q35,T130__jpeg_q35.jpg,2401d4efd84259e672003feab0dd9a8a5db96adf3b4a2e047c4d84c6e462820d,T130,T130.jpg,jpeg_q35,jpeg,4,scored,6.58,T130,961,1783,,scored,,,,0,clothed→model,model,model,true,7%,full,0.948,,1944.7600,0.54695358,true,pass,0.0044,2.8,0.0068,42.838,54.01,66.00,79.41,80.30,whr+vTaper+shoulderHip+legTorso+symmetry,8.00,8.00,7.77,6.88–10.00,8.00,7.77,6.88–10.00,unknown,57%,unconfirmed,,,,,true
T130__rotate_3,T130__rotate_3.jpg,7060e68cd705ae7b571009c1baeb14f5501447f4a98a6f0f26bb2a68aa0f4c81,T130,T130.jpg,rotate_3,rotation_camera_like,4,scored,6.58,T130,961,1783,,scored,,,,0,clothed→model,model,model,true,5%,full,0.965,,1978.9044,0.56245262,true,pass,0.0282,19.7,0.0534,39.584,52.91,64.34,77.97,77.99,whr+vTaper+shoulderHip+legTorso+symmetry,7.50,7.50,7.39,6.69–10.00,7.50,7.39,6.69–10.00,unknown,59%,unconfirmed,,,,,true
T130__perspective_mild,T130__perspective_mild.jpg,ea50e617ccbbdf2edad51f5e6ce0553d96a3544a2d3df68932f888fa07f1f9e2,T130,T130.jpg,perspective_mild,rotation_camera_like,4,scored,6.58,T130,961,1783,,scored,,,,0,clothed→model,model,model,true,9%,full,0.977,,2002.3813,0.57265251,true,pass,0.0309,13.2,0.0214,43.076,54.20,66.04,79.03,80.26,whr+vTaper+shoulderHip+legTorso+symmetry,8.00,8.00,7.81,6.89–10.00,8.00,7.81,6.89–10.00,f,,guess,,,,,true
T130__gaussian_blur_1_5,T130__gaussian_blur_1_5.jpg,d612b4bde54b21c9fc91d7a5cb213b01931a96680de36657a948cf839d573611,T130,T130.jpg,gaussian_blur_1_5,rotation_camera_like,4,scored,6.58,T130,961,1783,,scored,,,,0,clothed→model,model,model,true,8%,full,0.952,,1952.2148,0.55040702,true,pass,0.0102,0.4,0.0102,43.481,54.32,66.20,78.99,80.04,whr+vTaper+shoulderHip+legTorso+symmetry,8.00,8.00,7.85,6.91–10.00,8.00,7.85,6.91–10.00,unknown,52%,unconfirmed,,,,,true
T070__original,T070__original.jpg,cdb58a76dc8d4defac0dcf338c02b563bc309bdb720989c737f4ad9a6e64dc4b,T070,T070.jpg,original,control,4,scored,7.94,T070,961,1783,,scored,,,,0,clothed→model,model,model,true,4%,full,0.964,,1977.0574,0.56163468,true,pass,0.0050,12.5,0.0130,37.886,56.02,67.17,75.66,77.13,whr+vTaper+shoulderHip+legTorso+symmetry,7.00,7.00,7.13,6.52–8.63,7.00,7.13,6.52–8.63,unknown,59%,unconfirmed,,,,,true
T070__mirror,T070__mirror.jpg,a222a9e45a016271761a6646031c2d45c82dac7e23a6197bb5d17aab709f81f3,T070,T070.jpg,mirror,mirror,4,scored,7.94,T070,961,1783,,scored,,,,0,clothed→model,model,model,true,6%,full,0.971,,1990.2730,0.56743694,true,pass,0.0030,7.7,0.0226,41.383,56.79,67.64,74.35,76.73,whr+vTaper+shoulderHip+legTorso+symmetry,7.50,7.50,7.50,6.75–10.00,7.50,7.50,6.75–10.00,unknown,51%,unconfirmed,,,,,true
T070__crop_center_10,T070__crop_center_10.jpg,827a13bd476f1e1afc70e60fbb199e062dd89bba3c15ac66811843c85cc42153,T070,T070.jpg,crop_center_10,crop,4,scored,7.94,T070,769,1427,,refused,This body is too side-on for frontal width ratios. Use a front-facing photo.,pose-quality:profile,This body is too side-on for frontal width ratios. Use a front-facing photo.,0,,,,false,,,,,,,,profile,,,,,,,,,,,,,,,,,,,,,,,,true
T070__crop_legs_20,T070__crop_legs_20.jpg,fc0d35d755b172a69a65506aeb23673f86576c4184b92832a5c8e70ff00ca127,T070,T070.jpg,crop_legs_20,crop,4,scored,7.94,T070,961,1426,,scored,,,,0,clothed→geometry,geometry,geometry,false,5%,torso,1.000,framing,1639.9000,0.49042492,true,degraded,0.0159,9.0,,,48.70,62.01,71.75,74.93,whr+vTaper+shoulderHip,7.00,7.00,7.05,5.38–10.00,7.00,7.05,5.38–10.00,f,,guess,non-standard framing: the photo is cropped above the feet — the score scale was calibrated on full-body shots — scored anyway at reduced accuracy,,,,true
T070__pad_wide_black,T070__pad_wide_black.jpg,2bbe15402a203143207d4d0769a8883bb63e837ff8f7ab0197f66f32e928c530,T070,T070.jpg,pad_wide_black,padding_aspect,4,scored,7.94,T070,1345,1783,,scored,,,,0,clothed→model,model,model,true,5%,full,0.968,,1984.0544,0.39079076,true,pass,0.0105,4.1,0.0219,40.582,52.21,65.47,46.60,42.33,whr+vTaper+shoulderHip+legTorso+symmetry,7.50,7.50,7.44,6.71–10.00,7.50,7.44,6.71–10.00,m,79%,model,,,,,true
T070__pad_tall_black,T070__pad_tall_black.jpg,f6c00319faa5a339a220049187ba13640a273f261b2c1967687975f46ccc8104,T070,T070.jpg,pad_tall_black,padding_aspect,4,scored,7.94,T070,961,2318,,scored,,,,0,clothed→model,model,model,true,2%,full,0.767,,2045.1993,0.53011914,true,pass,0.0069,3.9,0.0126,40.364,55.47,66.83,76.52,78.33,whr+vTaper+shoulderHip+legTorso+symmetry,7.50,7.50,7.43,6.71–10.00,7.50,7.43,6.71–10.00,unknown,52%,unconfirmed,,,,,true
T070__canvas_light_gray,T070__canvas_light_gray.jpg,211756b1b6733d0ed632191d0c562b947f518222ba9d38e616f0228eb28a529e,T070,T070.jpg,canvas_light_gray,background_canvas,4,scored,7.94,T070,1201,2229,,scored,,,,0,clothed→model,model,model,true,4%,full,0.779,,1996.1508,0.39834204,true,pass,0.0169,9.8,0.0202,43.826,55.94,67.03,75.61,76.78,whr+vTaper+shoulderHip+legTorso+symmetry,8.00,8.00,7.89,6.93–10.00,8.00,7.89,6.93–10.00,f,98%,model,,,,,true
T070__aspect_squeeze_80,T070__aspect_squeeze_80.jpg,0b33d67bdebffd1ff813312d04e388b442371ece3f4b5808467a451061a8f2e4,T070,T070.jpg,aspect_squeeze_80,padding_aspect,4,scored,7.94,T070,769,1783,,scored,,,,0,clothed→model,model,model,true,8%,full,0.950,,1948.2671,0.63877260,true,pass,0.0229,16.1,0.0150,46.168,57.92,68.47,72.76,75.39,whr+vTaper+shoulderHip+legTorso+symmetry,8.00,8.00,8.21,7.04–10.00,8.00,8.21,7.04–10.00,f,87%,model,,,,,true
T070__resolution_256,T070__resolution_256.jpg,06dd1518c2253f21390399318528fd8ae13ec7428ce91fac9cd034b91b62174f,T070,T070.jpg,resolution_256,resolution,4,scored,7.94,T070,138,256,,scored,,,,0,clothed→model,model,model,true,8%,full,0.966,,284.2646,0.56280657,true,pass,0.0060,6.6,0.0117,37.249,56.70,67.75,75.06,77.35,whr+vTaper+shoulderHip+legTorso+symmetry,7.00,7.00,7.10,6.50–8.48,7.00,7.10,6.50–8.48,f,,guess,,,,,true
T070__brightness_70,T070__brightness_70.jpg,d7664f5caf952284d04672147ff298ede179e466cd53580a61c2d68afefb04db,T070,T070.jpg,brightness_70,lighting,4,scored,7.94,T070,961,1783,,scored,,,,0,clothed→model,model,model,true,5%,full,0.965,,1978.8115,0.56241154,true,pass,0.0066,7.6,0.0124,39.617,56.41,67.32,74.44,76.27,whr+vTaper+shoulderHip+legTorso+symmetry,7.50,7.50,7.39,6.69–10.00,7.50,7.39,6.69–10.00,f,,guess,,,,,true
T070__brightness_130,T070__brightness_130.jpg,95517436782682ec444783676a5e58b4a3737ec70dd905e9b94c3735a0f675df,T070,T070.jpg,brightness_130,lighting,4,scored,7.94,T070,961,1783,,scored,,,,0,clothed→model,model,model,true,5%,full,0.961,,1971.0003,0.55893628,true,pass,0.0144,6.5,0.0133,44.806,56.30,67.49,75.94,77.46,whr+vTaper+shoulderHip+legTorso+symmetry,8.00,8.00,8.01,6.97–10.00,8.00,8.01,6.97–10.00,unknown,56%,unconfirmed,,,,,true
T070__contrast_70,T070__contrast_70.jpg,eb4eb56b7027be71a59239887062b7fd13e24d17f202f23a46623302ed4fb44c,T070,T070.jpg,contrast_70,lighting,4,scored,7.94,T070,961,1783,,scored,,,,0,clothed→model,model,model,true,6%,full,0.964,,1977.4788,0.56182150,true,pass,0.0161,5.7,0.0100,39.612,56.44,67.53,75.11,77.52,whr+vTaper+shoulderHip+legTorso+symmetry,7.50,7.50,7.39,6.69–10.00,7.50,7.39,6.69–10.00,f,,guess,,,,,true
T070__contrast_130,T070__contrast_130.jpg,d8eded0f2c6bd8cbcdbe08fce0e331117f6788e2542a0bf9e388d83831ac060b,T070,T070.jpg,contrast_130,lighting,4,scored,7.94,T070,961,1783,,scored,,,,0,clothed→model,model,model,true,5%,full,0.965,,1979.1920,0.56257976,true,pass,0.0133,6.6,0.0097,39.816,56.34,67.41,75.17,76.86,whr+vTaper+shoulderHip+legTorso+symmetry,7.50,7.50,7.40,6.69–10.00,7.50,7.40,6.69–10.00,m,76%,model,,,,,true
T070__side_lighting,T070__side_lighting.jpg,f4e4559f5e964641ee0abecad054ebd819937a43e4e1680d5e551308d00c7963,T070,T070.jpg,side_lighting,lighting,4,scored,7.94,T070,961,1783,,scored,,,,0,clothed→model,model,model,true,4%,full,0.966,,1980.1881,0.56301971,true,pass,0.0188,9.9,0.0162,38.354,56.03,67.17,75.67,77.13,whr+vTaper+shoulderHip+legTorso+symmetry,7.00,7.00,7.16,6.54–8.84,7.00,7.16,6.54–8.84,f,,guess,,,,,true
T070__jpeg_q35,T070__jpeg_q35.jpg,1d86737c521ba059c88be8efa30578f3908e79c7be1d3579c5c353df3cf0ca8b,T070,T070.jpg,jpeg_q35,jpeg,4,scored,7.94,T070,961,1783,,scored,,,,0,clothed→model,model,model,true,5%,full,0.959,,1967.3659,0.55730515,true,pass,0.0048,14.6,0.0064,39.868,56.78,67.80,74.82,76.74,whr+vTaper+shoulderHip+legTorso+symmetry,7.50,7.50,7.41,6.69–10.00,7.50,7.41,6.69–10.00,f,,guess,,,,,true
T070__rotate_3,T070__rotate_3.jpg,c85362492de71656e0349e81e3b25768a1704e1af670f38d18392627072262d0,T070,T070.jpg,rotate_3,rotation_camera_like,4,scored,7.94,T070,961,1783,,scored,,,,0,clothed→model,model,model,true,2%,full,0.974,,1996.3172,0.57005230,true,pass,0.0234,4.1,0.0403,41.086,55.03,66.08,75.35,78.10,whr+vTaper+shoulderHip+legTorso+symmetry,7.50,7.50,7.47,6.73–10.00,7.50,7.47,6.73–10.00,unknown,52%,unconfirmed,,,,,true
T070__perspective_mild,T070__perspective_mild.jpg,d403ee91792df251f7bf632de3858d00b3d9addceb63036081525be63410fee0,T070,T070.jpg,perspective_mild,rotation_camera_like,4,scored,7.94,T070,961,1783,,scored,,,,0,clothed→model,model,model,true,5%,full,0.984,,2018.2968,0.57936573,true,pass,0.0165,7.0,0.0303,40.249,56.19,67.11,74.71,77.47,whr+vTaper+shoulderHip+legTorso+symmetry,7.50,7.50,7.42,6.71–10.00,7.50,7.42,6.71–10.00,unknown,61%,unconfirmed,,,,,true
T070__gaussian_blur_1_5,T070__gaussian_blur_1_5.jpg,cddfc761f1e87ce2df5cae30007e40c6d8164086f855a44406f14511eb695250,T070,T070.jpg,gaussian_blur_1_5,rotation_camera_like,4,scored,7.94,T070,961,1783,,scored,,,,0,clothed→model,model,model,true,6%,full,0.968,,1983.9406,0.56467120,true,pass,0.0119,10.7,0.0208,39.102,56.56,67.45,74.60,76.40,whr+vTaper+shoulderHip+legTorso+symmetry,7.50,7.50,7.30,6.63–10.00,7.50,7.30,6.63–10.00,unknown,54%,unconfirmed,,,,,true
T040__original,T040__original.jpg,5ac0432ba7fac4d94e3b524b52974f60ba1bae3bd32d9d8cab504efb6166b4b6,T040,T040.jpg,original,control,4,scored,8.29,T040,961,1783,,scored,,,,0,clothed→model,model,model,true,3%,full,0.971,,1991.9373,0.56815948,true,pass,0.0097,13.6,0.0098,39.748,56.91,67.69,73.50,76.55,whr+vTaper+shoulderHip+legTorso+symmetry,7.50,7.50,7.40,6.69–10.00,7.50,7.40,6.69–10.00,unknown,59%,unconfirmed,,,,,true
T040__mirror,T040__mirror.jpg,6a3777058aa870e703691583a5bfe6715a44d4701b1aa6661204fe0e7de55cee,T040,T040.jpg,mirror,mirror,4,scored,8.29,T040,961,1783,,scored,,,,0,clothed→model,model,model,true,5%,full,0.970,,1988.7474,0.56677302,true,pass,0.0033,9.4,0.0194,41.250,57.57,68.18,73.06,75.91,whr+vTaper+shoulderHip+legTorso+symmetry,7.50,7.50,7.48,6.74–10.00,7.50,7.48,6.74–10.00,f,,guess,,,,,true
T040__crop_center_10,T040__crop_center_10.jpg,e56c2398008ade09925aabc21424f10afb2e069e1ae2d0383488c1ec6056e23d,T040,T040.jpg,crop_center_10,crop,4,scored,8.29,T040,769,1427,,scored,,,,0,clothed→geometry,geometry,geometry,false,9%,torso,1.000,framing,1641.0500,0.59251964,true,degraded,0.0077,13.2,,,54.42,66.04,62.63,69.04,whr+vTaper+shoulderHip,6.50–6.50,6.50–6.50,6.37–6.70,4.90–10.00,6.50–6.50,6.37–6.70,4.90–10.00,unknown,57%,unconfirmed,non-standard framing: the photo is cropped above the feet — the score scale was calibrated on full-body shots — scored anyway at reduced accuracy,,,,true
T040__crop_legs_20,T040__crop_legs_20.jpg,53eebf25f808db813c3c3784694dd4a6d2691117e93e29fa706a7d6aa6bea187,T040,T040.jpg,crop_legs_20,crop,4,scored,8.29,T040,961,1426,,scored,,,,0,clothed→geometry,geometry,geometry,false,6%,torso,1.000,framing,1639.9000,0.49042492,true,degraded,0.0106,9.1,,,50.67,63.28,67.32,73.40,whr+vTaper+shoulderHip,6.00–7.00,6.00–7.00,6.22–6.88,4.76–10.00,6.00–7.00,6.22–6.88,4.76–10.00,unknown,62%,unconfirmed,non-standard framing: the photo is cropped above the feet — the score scale was calibrated on full-body shots — scored anyway at reduced accuracy,,,,true
T040__pad_wide_black,T040__pad_wide_black.jpg,6879f7d7c5fe391037b0d94aeb206a7fc1f52b5e12e0beb36c189fd203e169dd,T040,T040.jpg,pad_wide_black,padding_aspect,4,scored,8.29,T040,1345,1783,,scored,,,,0,clothed→model,model,model,true,4%,full,0.972,,1993.7617,0.39670858,true,pass,0.0043,4.3,0.0220,39.592,54.20,66.82,48.73,43.71,whr+vTaper+shoulderHip+legTorso+symmetry,7.50,7.50,7.39,6.69–10.00,7.50,7.39,6.69–10.00,unknown,52%,unconfirmed,,,,,true
T040__pad_tall_black,T040__pad_tall_black.jpg,9bd5f82ccb8e79a9bce7ba380a59c12d8cda4b8fc33e5c3c2cc41f1fcb3f7424,T040,T040.jpg,pad_tall_black,padding_aspect,4,scored,8.29,T040,961,2318,,scored,,,,0,clothed→model,model,model,true,1%,full,0.758,,2021.8851,0.52470098,true,pass,0.0040,7.9,0.0070,38.571,56.14,67.02,73.99,76.25,whr+vTaper+shoulderHip+legTorso+symmetry,7.00,7.00,7.20,6.57–9.57,7.00,7.20,6.57–9.57,unknown,62%,unconfirmed,,,,,true
T040__canvas_light_gray,T040__canvas_light_gray.jpg,8f9572c1db8d82ce37bbad39867034f8c55714fb991f142f1b06fede22cfcae9,T040,T040.jpg,canvas_light_gray,background_canvas,4,scored,8.29,T040,1201,2229,,refused,This body is too side-on for frontal width ratios. Use a front-facing photo.,pose-quality:profile,This body is too side-on for frontal width ratios. Use a front-facing photo.,0,,,,false,,,,,,,,profile,,,,,,,,,,,,,,,,,,,,,,,,true
T040__aspect_squeeze_80,T040__aspect_squeeze_80.jpg,4dded59b499cb1746f4deba9b08d6e83b9db0fb357f0e606a354f8c72676d065,T040,T040.jpg,aspect_squeeze_80,padding_aspect,4,scored,8.29,T040,769,1783,,refused,This body is too side-on for frontal width ratios. Use a front-facing photo.,pose-quality:profile,This body is too side-on for frontal width ratios. Use a front-facing photo.,0,,,,false,,,,,,,,profile,,,,,,,,,,,,,,,,,,,,,,,,true
T040__resolution_256,T040__resolution_256.jpg,b0dac0253fe00d14d182f3468c94e54f814ffc028c2be9273f7c0fcf2c0eee8d,T040,T040.jpg,resolution_256,resolution,4,scored,8.29,T040,138,256,,scored,,,,0,clothed→model,model,model,true,5%,full,0.967,,284.7809,0.56439043,true,pass,0.0095,7.9,0.0077,38.611,59.29,69.43,70.65,74.58,whr+vTaper+shoulderHip+legTorso+symmetry,7.00,7.00,7.21,6.58–10.00,7.00,7.21,6.58–10.00,f,,guess,,,,,true
T040__brightness_70,T040__brightness_70.jpg,f0e44f43b1a31c1719f5f0ce2f277bb419110b15d36f2ceb2a300ca6dd4b444a,T040,T040.jpg,brightness_70,lighting,4,scored,8.29,T040,961,1783,,scored,,,,0,clothed→model,model,model,true,5%,full,0.969,,1987.9008,0.56640394,true,pass,0.0056,6.1,0.0106,40.654,57.91,68.39,72.15,75.76,whr+vTaper+shoulderHip+legTorso+symmetry,7.50,7.50,7.44,6.72–10.00,7.50,7.44,6.72–10.00,unknown,57%,unconfirmed,,,,,true
T040__brightness_130,T040__brightness_130.jpg,8424cb7022f21fc254e16d83bec4d627fedc799e0a88482370416c3c1ac00103,T040,T040.jpg,brightness_130,lighting,4,scored,8.29,T040,961,1783,,scored,,,,0,clothed→model,model,model,true,4%,full,0.971,,1991.6490,0.56803445,true,pass,0.0142,17.5,0.0176,42.415,57.11,67.88,73.69,76.73,whr+vTaper+shoulderHip+legTorso+symmetry,7.50,7.50,7.69,6.84–10.00,7.50,7.69,6.84–10.00,unknown,56%,unconfirmed,,,,,true
T040__contrast_70,T040__contrast_70.jpg,154bade5e3506284c43d1b69c821481e052d6fd9d2d2576374f7391833a0a32f,T040,T040.jpg,contrast_70,lighting,4,scored,8.29,T040,961,1783,,scored,,,,0,clothed→model,model,model,true,5%,full,0.965,,1979.3387,0.56264461,true,pass,0.0111,3.8,0.0061,40.207,57.64,68.11,71.89,75.48,whr+vTaper+shoulderHip+legTorso+symmetry,7.50,7.50,7.42,6.70–10.00,7.50,7.42,6.70–10.00,unknown,56%,unconfirmed,,,,,true
T040__contrast_130,T040__contrast_130.jpg,feacf7fa48c188b539e8ff3ba6a572ceef010adddc937633498a0775ac550e1f,T040,T040.jpg,contrast_130,lighting,4,scored,8.29,T040,961,1783,,scored,,,,0,clothed→model,model,model,true,3%,full,0.972,,1993.7533,0.56894581,true,pass,0.0075,13.7,0.0151,41.046,57.16,67.65,72.18,75.51,whr+vTaper+shoulderHip+legTorso+symmetry,7.50,7.50,7.46,6.73–10.00,7.50,7.46,6.73–10.00,unknown,64%,unconfirmed,,,,,true
T040__side_lighting,T040__side_lighting.jpg,70c66296f4b0c150d9d088ff04e4ef82c58e7d085f8fa9f354a7ea610bbbf014,T040,T040.jpg,side_lighting,lighting,4,scored,8.29,T040,961,1783,,scored,,,,0,clothed→model,model,model,true,3%,full,0.973,,1995.6643,0.56977094,true,pass,0.0088,12.0,0.0150,41.421,56.85,67.52,72.95,76.47,whr+vTaper+shoulderHip+legTorso+symmetry,7.50,7.50,7.50,6.75–10.00,7.50,7.50,6.75–10.00,f,,guess,,,,,true
T040__jpeg_q35,T040__jpeg_q35.jpg,f4d6fade8564c08d9ba0d3d70daccfedd91adaee42f7c8c7639978d93a57390a,T040,T040.jpg,jpeg_q35,jpeg,4,scored,8.29,T040,961,1783,,scored,,,,0,clothed→model,model,model,true,5%,full,0.972,,1992.0152,0.56819324,true,pass,0.0204,14.8,0.0152,40.520,57.74,68.33,72.76,76.19,whr+vTaper+shoulderHip+legTorso+symmetry,7.50,7.50,7.44,6.71–10.00,7.50,7.44,6.71–10.00,unknown,52%,unconfirmed,,,,,true
T040__rotate_3,T040__rotate_3.jpg,dd760b0f54c6be312dd97486c2c66919ad0ef58a9bf30abe3f9b4b75f324a5be,T040,T040.jpg,rotate_3,rotation_camera_like,4,scored,8.29,T040,961,1783,,scored,,,,0,clothed→model,model,model,true,2%,full,0.971,,1991.3905,0.56792230,true,pass,0.0243,9.6,0.0479,41.244,57.18,67.55,72.49,76.01,whr+vTaper+shoulderHip+legTorso+symmetry,7.50,7.50,7.48,6.74–10.00,7.50,7.48,6.74–10.00,unknown,54%,unconfirmed,,,,,true
T040__perspective_mild,T040__perspective_mild.jpg,cf14c9604a52871b06410915a18d788d9bed38b1c202be125623c75195b51b8e,T040,T040.jpg,perspective_mild,rotation_camera_like,4,scored,8.29,T040,961,1783,,scored,,,,0,clothed→model,model,model,true,4%,full,0.981,,2011.0295,0.57632011,true,pass,0.0154,17.0,0.0136,40.492,57.45,68.16,73.39,76.25,whr+vTaper+shoulderHip+legTorso+symmetry,7.50,7.50,7.44,6.71–10.00,7.50,7.44,6.71–10.00,unknown,55%,unconfirmed,,,,,true
T040__gaussian_blur_1_5,T040__gaussian_blur_1_5.jpg,2a9834845d4e28568c5d440e47e9b76ecfc9d824872589adf64d578135335c77,T040,T040.jpg,gaussian_blur_1_5,rotation_camera_like,4,scored,8.29,T040,961,1783,,scored,,,,0,clothed→model,model,model,true,6%,full,0.973,,1994.9183,0.56944911,true,pass,0.0131,14.4,0.0146,41.277,57.69,68.34,73.17,76.07,whr+vTaper+shoulderHip+legTorso+symmetry,7.50,7.50,7.49,6.74–10.00,7.50,7.49,6.74–10.00,unknown,68%,unconfirmed,,,,,true
