identity_id,split,expected_sex,expected_looks,editorial_ethnicity,submitted_images,scored_images,refused_images,error_images,refusal_rate,raw_mean,aggregate_display_score,raw_sd,raw_range,raw_mad,worst_pair_absolute_raw_gap,worst_pair_image_a,worst_pair_raw_a,worst_pair_image_b,worst_pair_raw_b
adele,train,f,6.5,white,4,2,2,0,0.5,4.0265,7.349405728014212,0.09404520189781083,0.133,0.0665,0.133,images/roster/adele/9.jpg,4.093,images/roster/adele/10.jpg,3.96
aerith-gainsborough,train,f,8.5,other,5,4,1,0,0.2,3.502,6.426902004026099,0.5046312184820384,1.0820000000000003,0.21350000000000025,1.0820000000000003,images/roster/aerith-gainsborough/2.jpg,3.886,images/roster/aerith-gainsborough/4.jpg,2.804
alice-lane,train,f,8.5,white,3,3,0,0,0.0,3.64,6.579826654149275,0.14557815770231453,0.2569999999999997,0.009999999999999787,0.2569999999999997,images/roster/alice-lane/2.jpg,3.551,images/roster/alice-lane/3.jpg,3.808
alissa-white-gluz,train,f,7.8,white,2,1,1,0,0.5,4.111,7.651843422313572,,,,,,,,
amber-heard,train,f,8.5,white,5,4,1,0,0.2,3.952,7.0902547096342365,0.3752874453890864,0.8459999999999996,0.20450000000000035,0.8459999999999996,images/roster/amber-heard/2.jpg,3.451,images/roster/amber-heard/3.jpg,4.297
amelia-dimoldenberg,holdout,f,7.2,white,5,5,0,0,0.0,3.7128,6.664540658498556,0.5241504554991822,1.197,0.08800000000000008,1.197,images/roster/amelia-dimoldenberg/1.jpg,2.923,images/roster/amelia-dimoldenberg/2.jpg,4.12
amy-schumer,train,f,4.5,white,5,5,0,0,0.0,3.6189999999999998,6.5538994067145815,0.45860494982064914,1.1010000000000004,0.3150000000000004,1.1010000000000004,images/roster/amy-schumer/4.jpg,2.945,images/roster/amy-schumer/6.jpg,4.046
ana-de-armas,train,f,9.4,latino,5,5,0,0,0.0,3.5878,6.516031833741127,0.452933438818553,0.9649999999999994,0.12299999999999978,0.9649999999999994,images/roster/ana-de-armas/2.jpg,3.188,images/roster/ana-de-armas/5.jpg,4.153
andrew-tate,train,m,6.5,mixed,2,2,0,0,0.0,3.7825,6.7621664818183085,0.48578235867515834,0.6870000000000003,0.34350000000000014,0.6870000000000003,images/roster/andrew-tate/1.jpg,3.439,images/roster/andrew-tate/2.jpg,4.126
angela-deem,train,f,2.5,white,4,4,0,0,0.0,3.39475,6.3303174696279285,0.34507523334291423,0.73,0.039999999999999813,0.73,images/roster/angela-deem/2.jpg,3.91,images/roster/angela-deem/4.jpg,3.18
anna-henrietta,holdout,f,7.5,white,5,2,3,0,0.6,3.681,6.623600643283034,0.0028284271247461927,0.0040000000000000036,0.0020000000000000018,0.0040000000000000036,images/roster/anna-henrietta/1.jpg,3.679,images/roster/anna-henrietta/5.jpg,3.683
anna-sorokin,holdout,f,5.5,white,4,3,1,0,0.25,3.794333333333333,6.779109690281819,0.3625773480698062,0.7130000000000001,0.242,0.7130000000000001,images/roster/anna-sorokin/2.jpg,3.476,images/roster/anna-sorokin/4.jpg,4.189
anne-hathaway,train,f,8.3,white,5,5,0,0,0.0,3.9142,6.996727695916652,0.2823936968135091,0.7010000000000005,0.0990000000000002,0.7010000000000005,images/roster/anne-hathaway/6.jpg,3.699,images/roster/anne-hathaway/7.jpg,4.4
armie-hammer,train,m,8.0,white,5,5,0,0,0.0,3.7263999999999995,6.682999317796991,0.3746529060343719,0.7959999999999998,0.21599999999999975,0.7959999999999998,images/roster/armie-hammer/1.jpg,4.074,images/roster/armie-hammer/3.jpg,3.278
asmr-darling,train,f,7.4,white,3,3,0,0,0.0,3.010333333333333,5.886415281480332,0.6292982864535175,1.1520000000000001,0.137,1.1520000000000001,images/roster/asmr-darling/1.jpg,3.44,images/roster/asmr-darling/5.jpg,2.288
aubrey-oday,validation,f,5.5,white,3,3,0,0,0.0,4.124666666666667,7.707232118891916,0.18404981209806598,0.3340000000000001,0.032999999999999474,0.3340000000000001,images/roster/aubrey-oday/2.jpg,3.913,images/roster/aubrey-oday/4.jpg,4.247
awkwafina,validation,f,5.4,east-asian,2,2,0,0,0.0,2.71,4.834015271324928,0.36910973977937794,0.5220000000000002,0.2610000000000001,0.5220000000000002,images/roster/awkwafina/1.jpg,2.971,images/roster/awkwafina/2.jpg,2.449
azealia-banks,validation,f,6.0,black,5,4,1,0,0.2,2.8745,5.598047479181134,0.3719592271562391,0.819,0.16100000000000003,0.819,images/roster/azealia-banks/3.jpg,3.392,images/roster/azealia-banks/4.jpg,2.573
bad-bunny,train,m,6.5,latino,5,4,1,0,0.2,3.835,6.844367615130115,0.32876840886354447,0.7560000000000002,0.2015,0.7560000000000002,images/roster/bad-bunny/2.jpg,3.505,images/roster/bad-bunny/4.jpg,4.261
barack-obama,train,m,7.1,mixed,3,3,0,0,0.0,3.087666666666667,6.001300009339711,0.2629569039468887,0.47499999999999964,0.041999999999999815,0.47499999999999964,images/roster/barack-obama/1.jpg,3.26,images/roster/barack-obama/2.jpg,2.785
bella-hadid,train,f,9.3,mixed,2,1,1,0,0.5,3.789,6.7714502646407775,,,,,,,,
bella-thorne,train,f,7.5,latino,5,4,1,0,0.2,3.7032499999999997,6.651787235341251,0.528728900288229,1.294,0.30900000000000016,1.294,images/roster/bella-thorne/8.jpg,4.332,images/roster/bella-thorne/9.jpg,3.038
ben-shapiro,validation,m,5.0,white,5,4,1,0,0.2,3.8247500000000003,6.825985052389303,0.5495497399386763,1.2190000000000003,0.12850000000000028,1.2190000000000003,images/roster/ben-shapiro/2.jpg,3.016,images/roster/ben-shapiro/6.jpg,4.235
beyonce,validation,f,8.9,black,4,2,2,0,0.5,3.383,6.318058487088996,0.39880822458921283,0.5640000000000001,0.28200000000000003,0.5640000000000001,images/roster/beyonce/1.jpg,3.101,images/roster/beyonce/2.jpg,3.665
bill-gates,train,m,3.4,white,4,4,0,0,0.0,3.0475,5.943019492601752,0.3651670850446409,0.8479999999999999,0.25649999999999995,0.8479999999999999,images/roster/bill-gates/1.jpg,2.648,images/roster/bill-gates/4.jpg,3.496
billie-eilish,train,f,7.8,white,4,2,2,0,0.5,3.421,6.357938187423278,0.5020458146424487,0.71,0.355,0.71,images/roster/billie-eilish/1.jpg,3.066,images/roster/billie-eilish/3.jpg,3.776
billy-mcfarland,train,m,5.5,white,2,1,1,0,0.5,3.744,6.707701338688954,,,,,,,,
blaire-white,train,f,7.0,white,3,3,0,0,0.0,2.8433333333333337,5.504253678768263,0.3839301151685464,0.762,0.29899999999999993,0.762,images/roster/blaire-white/2.jpg,3.197,images/roster/blaire-white/4.jpg,2.435
brad-pitt,train,m,9.5,white,5,5,0,0,0.0,3.1016,6.020061350604717,0.6284483272314437,1.6429999999999998,0.09499999999999975,1.6429999999999998,images/roster/brad-pitt/1.jpg,2.534,images/roster/brad-pitt/5.jpg,4.177
bruno-mars,validation,m,7.1,mixed,4,2,2,0,0.5,3.2165,6.1563658490278375,0.526794551983978,0.7450000000000001,0.37250000000000005,0.7450000000000001,images/roster/bruno-mars/2.jpg,3.589,images/roster/bruno-mars/4.jpg,2.844
callan-exorcist,holdout,f,8.6,white,4,3,1,0,0.25,3.8266666666666667,6.828997595702642,0.5499430273522277,1.0519999999999996,0.24800000000000022,1.0519999999999996,images/roster/callan-exorcist/1.jpg,3.208,images/roster/callan-exorcist/2.jpg,4.26
casey-anthony,train,f,4.4,white,2,1,1,0,0.5,3.743,6.7062877682438415,,,,,,,,
chloe-grace-moretz,train,f,7.4,white,5,5,0,0,0.0,3.6292,6.566446953489406,0.6372881608817161,1.5380000000000003,0.6830000000000003,1.5380000000000003,images/roster/chloe-grace-moretz/1.jpg,2.745,images/roster/chloe-grace-moretz/8.jpg,4.283
chris-brown,train,m,7.5,black,4,2,2,0,0.5,2.319,3.188106834109662,0.12727922061357835,0.17999999999999972,0.08999999999999986,0.17999999999999972,images/roster/chris-brown/2.jpg,2.409,images/roster/chris-brown/3.jpg,2.229
chris-hemsworth,holdout,m,9.5,white,5,5,0,0,0.0,3.1844,6.122572307739494,0.45023860340934785,1.1219999999999999,0.4620000000000002,1.1219999999999999,images/roster/chris-hemsworth/4.jpg,2.716,images/roster/chris-hemsworth/5.jpg,3.838
conor-mcgregor,train,m,7.0,white,4,4,0,0,0.0,3.3635,6.2973877267613645,0.3478059803971174,0.758,0.17699999999999982,0.758,images/roster/conor-mcgregor/1.jpg,3.655,images/roster/conor-mcgregor/3.jpg,2.897
courtney-clenney,holdout,f,7.9,white,2,2,0,0,0.0,3.6065,6.538636966829859,0.5748778131046629,0.8129999999999997,0.40649999999999986,0.8129999999999997,images/roster/courtney-clenney/1.jpg,4.013,images/roster/courtney-clenney/2.jpg,3.2
cristiano-ronaldo,holdout,m,9.0,white,5,4,1,0,0.2,3.512,6.435161945810044,0.21601234532621816,0.472,0.1100000000000001,0.472,images/roster/cristiano-ronaldo/1.jpg,3.222,images/roster/cristiano-ronaldo/5.jpg,3.694
dan-bilzerian,train,m,6.0,white,2,1,1,0,0.5,3.87,6.916580853634513,,,,,,,,
danny-devito,train,m,2.5,white,5,5,0,0,0.0,2.8442,5.507018588568497,0.3155656825448547,0.778,0.17600000000000016,0.778,images/roster/danny-devito/1.jpg,3.38,images/roster/danny-devito/4.jpg,2.602
denzel-washington,holdout,m,8.8,black,4,3,1,0,0.25,2.138333333333333,2.5506620717791897,0.25093890358677606,0.48999999999999977,0.1509999999999998,0.48999999999999977,images/roster/denzel-washington/1.jpg,1.862,images/roster/denzel-washington/2.jpg,2.352
dev-patel,train,m,8.0,south-asian,5,5,0,0,0.0,3.471,6.40149808274405,0.4376511167585432,1.134,0.3450000000000002,1.134,images/roster/dev-patel/3.jpg,2.829,images/roster/dev-patel/8.jpg,3.963
dizzykitten,train,f,7.2,white,4,2,2,0,0.5,2.9844999999999997,5.840399991205202,0.3599173516239526,0.5089999999999999,0.25449999999999995,0.5089999999999999,images/roster/dizzykitten/1.jpg,3.239,images/roster/dizzykitten/4.jpg,2.73
dolly-parton,train,f,8.0,white,4,4,0,0,0.0,2.895,5.652369051852542,0.42706830054844075,0.9259999999999997,0.3345,0.9259999999999997,images/roster/dolly-parton/1.jpg,2.45,images/roster/dolly-parton/2.jpg,3.376
drake,validation,m,7.0,mixed,4,4,0,0,0.0,3.3514999999999997,6.284721012467223,0.16124825580452035,0.3120000000000003,0.135,0.3120000000000003,images/roster/drake/2.jpg,3.199,images/roster/drake/5.jpg,3.511
dwayne-johnson,holdout,m,7.5,mixed,5,5,0,0,0.0,3.5700000000000003,6.494758064762457,0.4425917983876341,1.1570000000000005,0.274,1.1570000000000005,images/roster/dwayne-johnson/3.jpg,2.889,images/roster/dwayne-johnson/4.jpg,4.046
ed-sheeran,validation,m,4.5,white,5,5,0,0,0.0,3.8698,6.916203152533867,0.1261713121117475,0.3500000000000001,0.04800000000000004,0.3500000000000001,images/roster/ed-sheeran/2.jpg,3.688,images/roster/ed-sheeran/3.jpg,4.038
elizabeth-holmes,train,f,5.0,white,5,4,1,0,0.2,3.82925,6.833067743864201,0.4063860028757553,0.8730000000000002,0.062000000000000055,0.8730000000000002,images/roster/elizabeth-holmes/2.jpg,3.561,images/roster/elizabeth-holmes/3.jpg,4.434
elizabeth-olsen,holdout,f,8.0,white,5,3,2,0,0.4,2.980333333333333,5.832478734526871,0.4244176402240291,0.8300000000000001,0.2609999999999997,0.8300000000000001,images/roster/elizabeth-olsen/6.jpg,3.344,images/roster/elizabeth-olsen/7.jpg,2.514
elon-musk,train,m,5.5,white,5,4,1,0,0.2,2.8795,5.611663237596455,0.18054085410233323,0.4079999999999999,0.04950000000000032,0.4079999999999999,images/roster/elon-musk/2.jpg,2.735,images/roster/elon-musk/5.jpg,3.143
eminem,validation,m,6.6,white,4,1,3,0,0.75,3.223,6.163254942630251,,,,,,,,
emma-blackery,train,f,6.5,white,4,3,1,0,0.25,3.9623333333333335,7.118221428847969,0.47642453057471046,0.8999999999999999,0.17900000000000027,0.8999999999999999,images/roster/emma-blackery/1.jpg,4.322,images/roster/emma-blackery/2.jpg,3.422
emma-stone,holdout,f,8.0,white,5,5,0,0,0.0,3.3834000000000004,6.318474779178812,0.3421940969683726,0.798,0.35199999999999987,0.798,images/roster/emma-stone/1.jpg,3.017,images/roster/emma-stone/3.jpg,3.815
emma-watson,holdout,f,8.0,white,5,5,0,0,0.0,4.038,7.395174625815355,0.17412782661022339,0.41000000000000014,0.0810000000000004,0.41000000000000014,images/roster/emma-watson/3.jpg,3.798,images/roster/emma-watson/7.jpg,4.208
emmy-rossum,validation,f,8.0,white,5,5,0,0,0.0,3.8612,6.900058395462115,0.3962539589707591,0.9130000000000003,0.2110000000000003,0.9130000000000003,images/roster/emmy-rossum/2.jpg,3.359,images/roster/emmy-rossum/7.jpg,4.272
evil-addams,holdout,f,7.8,white,5,4,1,0,0.2,3.7845,6.76501710452423,0.5203245781881408,1.0899999999999999,0.2715000000000001,1.0899999999999999,images/roster/evil-addams/1.jpg,4.194,images/roster/evil-addams/3.jpg,3.104
farrah-abraham,validation,f,5.8,white,2,1,1,0,0.5,3.574,6.499518544187748,,,,,,,,
frivolousfox,holdout,f,7.2,white,4,4,0,0,0.0,3.792,6.775753993101475,0.18748511051991995,0.4519999999999995,0.1279999999999999,0.4519999999999995,images/roster/frivolousfox/1.jpg,4.023,images/roster/frivolousfox/4.jpg,3.571
gab-smolders,train,f,6.5,white,4,3,1,0,0.25,3.6993333333333336,6.646584346679333,0.12107986345108486,0.2360000000000002,0.07100000000000017,0.2360000000000002,images/roster/gab-smolders/1.jpg,3.597,images/roster/gab-smolders/5.jpg,3.833
gal-gadot,train,f,9.0,middle-eastern,5,4,1,0,0.2,3.66375,6.605134522547363,0.2516934312478842,0.5580000000000003,0.09950000000000014,0.5580000000000003,images/roster/gal-gadot/3.jpg,3.866,images/roster/gal-gadot/5.jpg,3.308
george-clooney,train,m,8.5,white,5,5,0,0,0.0,3.7095999999999996,6.660256538197852,0.4916810958334679,1.1799999999999997,0.5329999999999999,1.1799999999999997,images/roster/george-clooney/4.jpg,3.226,images/roster/george-clooney/5.jpg,4.406
george-santos,train,m,4.0,latino,3,3,0,0,0.0,2.8336666666666672,5.467503752702663,0.18104511408301896,0.3420000000000001,0.06800000000000006,0.3420000000000001,images/roster/george-santos/2.jpg,2.697,images/roster/george-santos/3.jpg,3.039
gibi-asmr,train,f,7.2,white,4,3,1,0,0.25,3.7756666666666665,6.752466077923319,0.1921102114238942,0.383,0.16500000000000004,0.383,images/roster/gibi-asmr/4.jpg,3.976,images/roster/gibi-asmr/5.jpg,3.593
glen-powell,validation,m,8.7,white,4,1,3,0,0.75,3.093,6.008530448623422,,,,,,,,
grimes,train,f,7.0,white,5,3,2,0,0.4,3.638666666666667,6.578169517835163,0.42367715696427766,0.7579999999999996,0.05099999999999971,0.7579999999999996,images/roster/grimes/5.jpg,4.127,images/roster/grimes/7.jpg,3.369
hailee-steinfeld,train,f,8.0,mixed,5,5,0,0,0.0,3.6018,6.532930168593553,0.5059522704761783,1.4129999999999998,0.12200000000000033,1.4129999999999998,images/roster/hailee-steinfeld/4.jpg,2.93,images/roster/hailee-steinfeld/6.jpg,4.343
harry-styles,train,m,8.0,white,4,4,0,0,0.0,3.54125,6.463518511308131,0.33449900348630834,0.8029999999999999,0.22049999999999992,0.8029999999999999,images/roster/harry-styles/2.jpg,3.924,images/roster/harry-styles/4.jpg,3.121
hasan-piker,holdout,m,8.2,middle-eastern,3,2,1,0,0.3333333333333333,2.6605,4.591208572111776,0.0657609306503489,0.09299999999999997,0.046499999999999986,0.09299999999999997,images/roster/hasan-piker/1.jpg,2.614,images/roster/hasan-piker/2.jpg,2.707
henry-cavill,train,m,9.5,white,5,5,0,0,0.0,3.543,6.465372290741657,0.46749919786027455,1.1550000000000002,0.43400000000000016,1.1550000000000002,images/roster/henry-cavill/5.jpg,3.019,images/roster/henry-cavill/7.jpg,4.174
idris-elba,train,m,9.0,black,5,3,2,0,0.4,2.6523333333333334,4.548358612406349,0.5706753309311112,1.005,0.03399999999999981,1.005,images/roster/idris-elba/4.jpg,3.311,images/roster/idris-elba/6.jpg,2.306
ihascupquake,train,f,6.5,latino,4,4,0,0,0.0,3.07475,5.980342776628339,0.5912514270595887,1.124,0.4770000000000001,1.124,images/roster/ihascupquake/3.jpg,3.668,images/roster/ihascupquake/5.jpg,2.544
ishowspeed,train,m,6.0,black,4,2,2,0,0.5,2.8845,5.624240982101475,0.43062802974260744,0.609,0.3045,0.609,images/roster/ishowspeed/1.jpg,2.58,images/roster/ishowspeed/2.jpg,3.189
jack-black,train,m,4.5,white,5,5,0,0,0.0,2.4516,3.6468086292567445,0.5924494071226672,1.4869999999999999,0.5369999999999999,1.4869999999999999,images/roster/jack-black/1.jpg,3.086,images/roster/jack-black/4.jpg,1.599
jacob-elordi,validation,m,9.1,white,4,3,1,0,0.25,3.8193333333333332,6.817504342494167,0.09235980366660246,0.17900000000000027,0.050000000000000266,0.17900000000000027,images/roster/jacob-elordi/1.jpg,3.922,images/roster/jacob-elordi/2.jpg,3.743
james-corden,train,m,4.0,white,5,5,0,0,0.0,2.6122,4.330873079971472,0.36989011881908934,0.8490000000000002,0.2530000000000001,0.8490000000000002,images/roster/james-corden/3.jpg,3.116,images/roster/james-corden/4.jpg,2.267
jason-momoa,train,m,9.0,mixed,5,5,0,0,0.0,3.787,6.768587775522092,0.1738907703128604,0.44499999999999984,0.08899999999999997,0.44499999999999984,images/roster/jason-momoa/2.jpg,3.508,images/roster/jason-momoa/3.jpg,3.953
jeff-bezos,holdout,m,3.0,white,2,2,0,0,0.0,2.9545000000000003,5.78835112412109,0.47871129086329267,0.677,0.3385,0.677,images/roster/jeff-bezos/4.jpg,3.293,images/roster/jeff-bezos/5.jpg,2.616
jenelle-evans,train,f,5.5,white,3,2,1,0,0.3333333333333333,3.149,6.084004766945553,0.2107178207935912,0.29800000000000004,0.14900000000000002,0.29800000000000004,images/roster/jenelle-evans/1.jpg,3.298,images/roster/jenelle-evans/3.jpg,3.0
jennifer-haben,train,f,8.9,white,4,2,2,0,0.5,3.3425000000000002,6.2752630118619335,0.6866006845321374,0.9709999999999996,0.4854999999999998,0.9709999999999996,images/roster/jennifer-haben/2.jpg,2.857,images/roster/jennifer-haben/8.jpg,3.828
jennifer-lawrence,holdout,f,8.1,white,5,5,0,0,0.0,3.3851999999999998,6.3203489901864485,0.3042954156736509,0.8069999999999999,0.15799999999999992,0.8069999999999999,images/roster/jennifer-lawrence/5.jpg,2.98,images/roster/jennifer-lawrence/7.jpg,3.787
jensen-huang,holdout,m,5.3,east-asian,4,2,2,0,0.5,2.8535000000000004,5.5365591503417395,0.3641599923110721,0.5150000000000001,0.25750000000000006,0.5150000000000001,images/roster/jensen-huang/3.jpg,2.596,images/roster/jensen-huang/4.jpg,3.111
jo-brand,holdout,f,3.0,white,5,5,0,0,0.0,3.3752000000000004,6.309800933062971,0.5344550495598299,1.3380000000000005,0.30500000000000016,1.3380000000000005,images/roster/jo-brand/4.jpg,2.889,images/roster/jo-brand/1.jpg,4.227
joe-exotic,train,m,3.0,white,2,2,0,0,0.0,2.4635,3.6958103288209645,0.3471894295625949,0.4910000000000001,0.24550000000000005,0.4910000000000001,images/roster/joe-exotic/1.jpg,2.709,images/roster/joe-exotic/3.jpg,2.218
joe-rogan,train,m,5.5,white,4,3,1,0,0.25,3.004,5.87543261149162,0.15539305003763845,0.2909999999999999,0.05099999999999971,0.2909999999999999,images/roster/joe-rogan/4.jpg,2.827,images/roster/joe-rogan/7.jpg,3.118
john-mulaney,validation,m,6.8,white,4,2,2,0,0.5,3.855,6.887821868374165,0.015556349186104216,0.02200000000000024,0.01100000000000012,0.02200000000000024,images/roster/john-mulaney/1.jpg,3.866,images/roster/john-mulaney/2.jpg,3.844
johnny-depp,holdout,m,9.0,white,5,4,1,0,0.2,3.8222500000000004,6.822064850409687,0.3443848380324935,0.7880000000000003,0.2695000000000001,0.7880000000000003,images/roster/johnny-depp/3.jpg,3.431,images/roster/johnny-depp/7.jpg,4.219
jon-gosselin,train,m,4.5,mixed,4,4,0,0,0.0,2.58975,4.23754424063786,0.15605634666149687,0.37399999999999967,0.11249999999999982,0.37399999999999967,images/roster/jon-gosselin/2.jpg,2.776,images/roster/jon-gosselin/3.jpg,2.402
jonah-hill,train,m,5.5,white,5,5,0,0,0.0,3.3226,6.257167159977266,0.2927179529854634,0.7719999999999998,0.11699999999999999,0.7719999999999998,images/roster/jonah-hill/4.jpg,3.804,images/roster/jonah-hill/7.jpg,3.032
jordan-peterson,holdout,m,6.2,white,4,2,2,0,0.5,2.939,5.749666067111034,0.6165971131946694,0.8719999999999999,0.43599999999999994,0.8719999999999999,images/roster/jordan-peterson/1.jpg,3.375,images/roster/jordan-peterson/4.jpg,2.503
jungkook,train,m,8.0,east-asian,5,4,1,0,0.2,3.7645,6.73674227999965,0.3611698584692064,0.7359999999999998,0.22299999999999986,0.7359999999999998,images/roster/jungkook/1.jpg,4.06,images/roster/jungkook/5.jpg,3.324
justin-bieber,train,m,7.5,white,5,4,1,0,0.2,3.67575,6.617959945769595,0.43469788359273176,0.9520000000000004,0.2985000000000002,0.9520000000000004,images/roster/justin-bieber/3.jpg,3.147,images/roster/justin-bieber/5.jpg,4.099
kai-cenat,train,m,6.3,black,2,1,1,0,0.5,2.648,4.529109315203395,,,,,,,,
kanye-west,holdout,m,6.0,black,4,2,2,0,0.5,3.1125,6.034727078486526,0.6767011895955262,0.9570000000000003,0.47850000000000015,0.9570000000000003,images/roster/kanye-west/3.jpg,3.591,images/roster/kanye-west/4.jpg,2.634
kato-kaelin,train,m,5.0,white,5,4,1,0,0.2,2.50875,3.8969268031709934,0.3026288981574627,0.7409999999999997,0.1884999999999999,0.7409999999999997,images/roster/kato-kaelin/1.jpg,2.881,images/roster/kato-kaelin/5.jpg,2.14
keanu-reeves,train,m,8.5,mixed,4,4,0,0,0.0,3.7882499999999997,6.770376208876729,0.562937755588188,1.2649999999999997,0.3059999999999998,1.2649999999999997,images/roster/keanu-reeves/1.jpg,4.302,images/roster/keanu-reeves/5.jpg,3.037
keira-metz,train,f,8.0,white,5,1,4,0,0.8,3.904,6.978740405878726,,,,,,,,
kendrick-lamar,validation,m,6.1,black,4,2,2,0,0.5,1.771,1.9855506446705178,0.164048773235279,0.23199999999999998,0.11599999999999999,0.23199999999999998,images/roster/kendrick-lamar/3.jpg,1.655,images/roster/kendrick-lamar/4.jpg,1.887
kevin-federline,holdout,m,5.5,white,3,3,0,0,0.0,3.025,5.9109899278508875,0.1936207633493887,0.383,0.14200000000000035,0.383,images/roster/kevin-federline/3.jpg,3.2,images/roster/kevin-federline/5.jpg,2.817
kevin-hart,train,m,5.6,black,4,0,4,0,1.0,,,,,,,,,,
kim-kardashian,train,f,8.5,white,5,4,1,0,0.2,3.48125,6.409864553786628,0.4379896307752805,1.0059999999999998,0.14050000000000007,1.0059999999999998,images/roster/kim-kardashian/2.jpg,2.849,images/roster/kim-kardashian/5.jpg,3.855
ksi,train,m,6.8,black,2,2,0,0,0.0,2.7880000000000003,5.259014447563942,0.2687005768508883,0.38000000000000034,0.19000000000000017,0.38000000000000034,images/roster/ksi/1.jpg,2.978,images/roster/ksi/2.jpg,2.598
kumail-nanjiani,holdout,m,6.4,south-asian,4,3,1,0,0.25,3.5533333333333332,6.47635316607464,0.4562459132237057,0.8799999999999999,0.23100000000000032,0.8799999999999999,images/roster/kumail-nanjiani/1.jpg,3.183,images/roster/kumail-nanjiani/4.jpg,4.063
kylie-jenner,validation,f,7.5,white,5,5,0,0,0.0,3.5768,6.50285776616415,0.6426637534512116,1.5249999999999995,0.21399999999999952,1.5249999999999995,images/roster/kylie-jenner/5.jpg,2.551,images/roster/kylie-jenner/6.jpg,4.076
lana-condor,validation,f,8.0,east-asian,5,5,0,0,0.0,3.2192,6.159225533458843,0.5009797401093182,1.351,0.2829999999999999,1.351,images/roster/lana-condor/7.jpg,3.837,images/roster/lana-condor/9.jpg,2.486
lebron-james,validation,m,7.0,black,5,3,2,0,0.4,2.735,4.960551347029405,0.6170599646711818,1.2030000000000003,0.363,1.2030000000000003,images/roster/lebron-james/1.jpg,3.257,images/roster/lebron-james/5.jpg,2.054
lena-dunham,validation,f,3.5,white,5,5,0,0,0.0,3.4874,6.414900058991856,0.5284797063274993,1.0999999999999996,0.484,1.0999999999999996,images/roster/lena-dunham/3.jpg,2.91,images/roster/lena-dunham/6.jpg,4.01
leonardo-dicaprio,train,m,9.3,white,4,4,0,0,0.0,3.0115,5.888440981123886,0.4694120435892827,0.992,0.06500000000000017,0.992,images/roster/leonardo-dicaprio/1.jpg,2.719,images/roster/leonardo-dicaprio/2.jpg,3.711
lewis-capaldi,validation,m,4.8,white,4,2,2,0,0.5,3.6865,6.629646318108307,0.08131727983645312,0.11500000000000021,0.05750000000000011,0.11500000000000021,images/roster/lewis-capaldi/1.jpg,3.629,images/roster/lewis-capaldi/2.jpg,3.744
lilypichu,train,f,7.0,east-asian,3,2,1,0,0.3333333333333333,3.5,6.425253889591913,0.6194255403194159,0.8760000000000003,0.43800000000000017,0.8760000000000003,images/roster/lilypichu/1.jpg,3.062,images/roster/lilypichu/3.jpg,3.938
lionel-messi,train,m,6.5,latino,5,4,1,0,0.2,3.1935000000000002,6.132114772845363,0.39321961632994173,0.8809999999999998,0.13600000000000012,0.8809999999999998,images/roster/lionel-messi/4.jpg,2.878,images/roster/lionel-messi/5.jpg,3.759
lisa-blackpink,validation,f,8.9,east-asian,3,2,1,0,0.3333333333333333,3.6995,6.646805423394849,0.06293250352560302,0.08900000000000041,0.044500000000000206,0.08900000000000041,images/roster/lisa-blackpink/1.jpg,3.655,images/roster/lisa-blackpink/2.jpg,3.744
lizzo,train,f,5.0,black,4,3,1,0,0.25,2.6616666666666666,4.597517304071485,0.09505963040814619,0.18000000000000016,0.03699999999999992,0.18000000000000016,images/roster/lizzo/1.jpg,2.554,images/roster/lizzo/3.jpg,2.734
logan-paul,train,m,7.3,white,4,2,2,0,0.5,3.049,5.944864605234969,0.268700576850888,0.3799999999999999,0.18999999999999995,0.3799999999999999,images/roster/logan-paul/1.jpg,2.859,images/roster/logan-paul/2.jpg,3.239
mama-june,validation,f,3.5,white,5,5,0,0,0.0,3.2594000000000003,6.200723755961897,0.4880822676557714,1.2590000000000003,0.351,1.2590000000000003,images/roster/mama-june/2.jpg,2.534,images/roster/mama-june/3.jpg,3.793
margot-robbie,train,f,9.5,white,5,5,0,0,0.0,3.3218000000000005,6.256445137538209,0.2500563936395148,0.617,0.12700000000000022,0.617,images/roster/margot-robbie/4.jpg,3.101,images/roster/margot-robbie/5.jpg,3.718
marina-laswick,train,f,8.9,white,3,2,1,0,0.3333333333333333,4.0715,7.5107190722039245,0.224152849636136,0.3170000000000006,0.1585000000000003,0.3170000000000006,images/roster/marina-laswick/4.jpg,4.23,images/roster/marina-laswick/5.jpg,3.913
mark-zuckerberg,train,m,3.5,white,5,5,0,0,0.0,3.4768,6.406228306562998,0.13759796510123254,0.3420000000000001,0.1379999999999999,0.3420000000000001,images/roster/mark-zuckerberg/3.jpg,3.295,images/roster/mark-zuckerberg/6.jpg,3.637
martin-shkreli,train,m,4.0,white,2,2,0,0,0.0,3.2925,6.230137200560505,0.4348706704297269,0.6150000000000002,0.3075000000000001,0.6150000000000002,images/roster/martin-shkreli/4.jpg,3.6,images/roster/martin-shkreli/5.jpg,2.985
marz,train,f,7.8,white,3,3,0,0,0.0,3.672,6.613941963794339,0.7080875652064511,1.3600000000000003,0.3380000000000005,1.3600000000000003,images/roster/marz/4.jpg,4.238,images/roster/marz/5.jpg,2.878
maya-higa,train,f,7.4,mixed,3,2,1,0,0.3333333333333333,3.249,6.1909747531253645,0.10748023074035531,0.15200000000000014,0.07600000000000007,0.15200000000000014,images/roster/maya-higa/1.jpg,3.325,images/roster/maya-higa/5.jpg,3.173
megan-fox,train,f,9.2,white,5,5,0,0,0.0,3.665,6.606466166569827,0.4788559282289403,1.1310000000000002,0.20000000000000018,1.1310000000000002,images/roster/megan-fox/4.jpg,2.949,images/roster/megan-fox/5.jpg,4.08
melissa-bonny,train,f,7.9,white,5,1,4,0,0.8,2.726,4.912985945742045,,,,,,,,
michael-b-jordan,validation,m,9.0,black,5,5,0,0,0.0,2.9939999999999998,5.858138194911677,0.41503011938894263,1.146,0.1259999999999999,1.146,images/roster/michael-b-jordan/1.jpg,3.5,images/roster/michael-b-jordan/4.jpg,2.354
michael-phelps,train,m,6.7,white,4,2,2,0,0.5,3.5765000000000002,6.502499719703619,0.2580939751330897,0.36499999999999977,0.18249999999999988,0.36499999999999977,images/roster/michael-phelps/2.jpg,3.759,images/roster/michael-phelps/4.jpg,3.394
mila-kunis,train,f,8.5,white,5,4,1,0,0.2,3.85875,6.895492981678582,0.36006237885492365,0.8659999999999997,0.17300000000000004,0.8659999999999997,images/roster/mila-kunis/1.jpg,3.482,images/roster/mila-kunis/5.jpg,4.348
mindy-kaling,holdout,f,5.5,south-asian,5,4,1,0,0.2,3.537,6.459023489865143,0.145691454794027,0.31700000000000017,0.041500000000000314,0.31700000000000017,images/roster/mindy-kaling/1.jpg,3.432,images/roster/mindy-kaling/2.jpg,3.749
monica-bellucci,train,f,9.5,white,3,3,0,0,0.0,3.114333333333333,6.037199522219591,0.5827884121474389,1.1189999999999998,0.27700000000000014,1.1189999999999998,images/roster/monica-bellucci/1.jpg,3.768,images/roster/monica-bellucci/2.jpg,2.649
mrbeast,holdout,m,6.1,white,4,2,2,0,0.5,3.182,6.120060444343756,0.5345727265770301,0.7560000000000002,0.3780000000000001,0.7560000000000002,images/roster/mrbeast/1.jpg,3.56,images/roster/mrbeast/3.jpg,2.804
nadya-suleman,holdout,f,4.0,white,3,2,1,0,0.3333333333333333,3.474,6.403943461907347,0.5416437943888954,0.766,0.383,0.766,images/roster/nadya-suleman/1.jpg,3.091,images/roster/nadya-suleman/4.jpg,3.857
natalie-portman,validation,f,8.0,middle-eastern,5,3,2,0,0.4,4.030333333333334,7.365624814424557,0.317159791482674,0.5659999999999998,0.03500000000000014,0.5659999999999998,images/roster/natalie-portman/1.jpg,3.83,images/roster/natalie-portman/6.jpg,4.396
neymar,holdout,m,7.6,latino,4,1,3,0,0.75,2.777,5.205400248052906,,,,,,,,
nicolas-cage,holdout,m,7.0,white,5,5,0,0,0.0,3.3421999999999996,6.274948356123526,0.14014706561323345,0.37399999999999967,0.07200000000000006,0.37399999999999967,images/roster/nicolas-cage/1.jpg,3.176,images/roster/nicolas-cage/4.jpg,3.55
ninja,validation,m,6.6,white,3,1,2,0,0.6666666666666666,2.689,4.7343339047044335,,,,,,,,
paul-rudd,train,m,7.0,white,5,5,0,0,0.0,3.1376,6.069815226770252,0.5109865947361046,1.2520000000000002,0.32099999999999973,1.2520000000000002,images/roster/paul-rudd/4.jpg,2.658,images/roster/paul-rudd/5.jpg,3.91
pauly-shore,holdout,m,4.0,white,5,5,0,0,0.0,2.9178,5.71270919080419,0.26137463534168726,0.633,0.2570000000000001,0.633,images/roster/pauly-shore/3.jpg,2.579,images/roster/pauly-shore/4.jpg,3.212
pedro-pascal,train,m,7.5,latino,5,4,1,0,0.2,3.33275,6.26634541474589,0.3835851708986327,0.8089999999999997,0.27149999999999985,0.8089999999999997,images/roster/pedro-pascal/4.jpg,3.783,images/roster/pedro-pascal/5.jpg,2.974
pete-davidson,train,m,5.0,white,4,4,0,0,0.0,3.35175,6.284984244625116,0.5219140254869571,1.205,0.1885000000000001,1.205,images/roster/pete-davidson/2.jpg,2.605,images/roster/pete-davidson/4.jpg,3.81
pewdiepie,train,m,7.1,white,3,1,2,0,0.6666666666666666,2.61,4.32173027299792,,,,,,,,
philippa-eilhart,validation,f,7.0,white,5,3,2,0,0.4,3.6493333333333333,6.589847759788486,0.07284458341794076,0.133,0.015000000000000124,0.133,images/roster/philippa-eilhart/2.jpg,3.733,images/roster/philippa-eilhart/4.jpg,3.6
piia-tamare,holdout,f,8.3,white,5,4,1,0,0.2,3.787,6.768587775522092,0.30628200513034815,0.7209999999999996,0.133,0.7209999999999996,images/roster/piia-tamare/1.jpg,4.215,images/roster/piia-tamare/3.jpg,3.494
pokimane,train,f,7.4,middle-eastern,5,4,1,0,0.2,3.0705,5.973470867540566,0.3615655772701085,0.8430000000000004,0.2725000000000002,0.8430000000000004,images/roster/pokimane/2.jpg,2.655,images/roster/pokimane/5.jpg,3.498
pom-klementieff,train,f,7.5,mixed,5,4,1,0,0.2,3.982,7.177228503751267,0.24381003534172516,0.5229999999999997,0.18200000000000016,0.5229999999999997,images/roster/pom-klementieff/5.jpg,3.74,images/roster/pom-klementieff/6.jpg,4.263
prince-harry,validation,m,7.2,white,3,3,0,0,0.0,2.8346666666666667,5.471403881730193,0.10610529361597996,0.19499999999999984,0.02499999999999991,0.19499999999999984,images/roster/prince-harry/2.jpg,2.908,images/roster/prince-harry/3.jpg,2.713
priyanka-chopra,holdout,f,8.8,south-asian,4,4,0,0,0.0,3.69875,6.64581080321881,0.4158544416820226,0.9480000000000004,0.2630000000000001,0.9480000000000004,images/roster/priyanka-chopra/2.jpg,3.167,images/roster/priyanka-chopra/4.jpg,4.115
qtcinderella,train,f,7.0,white,4,4,0,0,0.0,3.17275,6.1100849691897725,0.543966527769249,1.1839999999999997,0.369,1.1839999999999997,images/roster/qtcinderella/3.jpg,2.652,images/roster/qtcinderella/4.jpg,3.836
rachel-dolezal,holdout,f,4.0,white,2,2,0,0,0.0,3.1455,6.080178661440107,0.15909902576697324,0.2250000000000001,0.11250000000000004,0.2250000000000001,images/roster/rachel-dolezal/1.jpg,3.033,images/roster/rachel-dolezal/2.jpg,3.258
rami-malek,train,m,6.8,middle-eastern,3,3,0,0,0.0,3.279,6.21810257486062,0.35650105189185627,0.698,0.22299999999999986,0.698,images/roster/rami-malek/2.jpg,2.972,images/roster/rami-malek/3.jpg,3.67
rebel-wilson,train,f,5.4,white,4,4,0,0,0.0,3.97225,7.145777068034185,0.5316367023949093,1.2320000000000002,0.1825000000000001,1.2320000000000002,images/roster/rebel-wilson/1.jpg,3.21,images/roster/rebel-wilson/3.jpg,4.442
rihanna,validation,f,9.1,black,4,3,1,0,0.25,2.5403333333333333,4.034235007438053,0.6675637297916457,1.17,0.028000000000000025,1.17,images/roster/rihanna/3.jpg,3.311,images/roster/rihanna/4.jpg,2.141
robert-pattinson,train,m,8.9,white,3,1,2,0,0.6666666666666666,3.626,6.562501286195734,,,,,,,,
roman-reigns,train,m,9.0,mixed,4,4,0,0,0.0,3.178,6.1158784319425274,0.6910807960482382,1.258,0.5835000000000001,1.258,images/roster/roman-reigns/2.jpg,2.535,images/roster/roman-reigns/5.jpg,3.793
rosa-salazar,train,f,7.0,latino,5,3,2,0,0.4,3.5493333333333332,6.472095413488138,0.24116660907624288,0.4580000000000002,0.09800000000000031,0.4580000000000002,images/roster/rosa-salazar/4.jpg,3.364,images/roster/rosa-salazar/7.jpg,3.822
roseanne-barr,train,f,3.5,white,5,5,0,0,0.0,2.8924,5.644722682531348,0.15752555348260158,0.3809999999999998,0.06099999999999994,0.3809999999999998,images/roster/roseanne-barr/3.jpg,2.619,images/roster/roseanne-barr/6.jpg,3.0
rosie-odonnell,train,f,3.8,white,5,5,0,0,0.0,2.8546,5.539777186381026,0.47960118848893607,1.189,0.4289999999999998,1.189,images/roster/rosie-odonnell/4.jpg,2.31,images/roster/rosie-odonnell/6.jpg,3.499
rudy-giuliani,holdout,m,3.5,white,4,3,1,0,0.25,2.751,5.072326896660844,0.13004614565607076,0.2599999999999998,0.12400000000000011,0.2599999999999998,images/roster/rudy-giuliani/1.jpg,2.879,images/roster/rudy-giuliani/4.jpg,2.619
russell-brand,holdout,m,7.0,white,5,5,0,0,0.0,3.3506,6.283773606269342,0.7085049752824606,1.745,0.5949999999999998,1.745,images/roster/russell-brand/1.jpg,2.285,images/roster/russell-brand/6.jpg,4.03
ryan-gosling,train,m,8.5,white,5,5,0,0,0.0,3.4928,6.4193312560140665,0.4987260771204971,1.0699999999999998,0.5020000000000002,1.0699999999999998,images/roster/ryan-gosling/5.jpg,2.97,images/roster/ryan-gosling/6.jpg,4.04
ryan-reynolds,train,m,8.0,white,5,5,0,0,0.0,3.7567999999999997,6.7259051408587265,0.4295401029007653,1.189,0.12400000000000011,1.189,images/roster/ryan-reynolds/4.jpg,3.085,images/roster/ryan-reynolds/6.jpg,4.274
sabrina-carpenter,train,f,8.3,white,3,0,3,0,1.0,,,,,,,,,,
sam-bankman-fried,train,m,3.0,white,2,1,1,0,0.5,4.032,7.372755319849235,,,,,,,,
scarlett-johansson,train,f,9.2,white,5,4,1,0,0.2,3.247,6.188832955600446,0.5682822068890303,1.2189999999999999,0.26649999999999996,1.2189999999999999,images/roster/scarlett-johansson/2.jpg,2.476,images/roster/scarlett-johansson/4.jpg,3.695
selene-ashford,train,f,9.5,mixed,5,3,2,0,0.4,3.3446666666666665,6.277536690025807,0.27943753028777885,0.484,0.0,0.484,images/roster/selene-ashford/1.jpg,3.506,images/roster/selene-ashford/4.jpg,3.022
serena-williams,train,f,6.4,black,4,0,4,0,1.0,,,,,,,,,,
seth-rogen,train,m,4.5,white,5,5,0,0,0.0,3.0336000000000003,5.925333853857071,0.5335187906718938,1.1920000000000002,0.395,1.1920000000000002,images/roster/seth-rogen/3.jpg,2.411,images/roster/seth-rogen/4.jpg,3.603
shaelah-mcgilton,validation,f,8.4,mixed,1,1,0,0,0.0,3.922,7.010651188381596,,,,,,,,
shakira,train,f,8.4,latino,4,4,0,0,0.0,3.407,6.343166276666333,0.380829795753081,0.8260000000000001,0.21750000000000003,0.8260000000000001,images/roster/shakira/1.jpg,3.739,images/roster/shakira/4.jpg,2.913
shia-labeouf,validation,m,6.5,white,5,5,0,0,0.0,3.5262000000000002,6.4476450266475585,0.3042411872182988,0.7169999999999996,0.1629999999999998,0.7169999999999996,images/roster/shia-labeouf/3.jpg,3.212,images/roster/shia-labeouf/4.jpg,3.929
shohei-ohtani,train,m,7.5,east-asian,3,0,3,0,1.0,,,,,,,,,,
simone-biles,validation,f,6.5,black,4,2,2,0,0.5,2.5955,4.256368545967064,0.12232947314527275,0.17300000000000004,0.08650000000000002,0.17300000000000004,images/roster/simone-biles/1.jpg,2.682,images/roster/simone-biles/2.jpg,2.509
simu-liu,train,m,7.7,east-asian,3,3,0,0,0.0,2.6826666666666665,4.7054914331461095,0.015534906930308196,0.03000000000000025,0.008000000000000007,0.03000000000000025,images/roster/simu-liu/1.jpg,2.7,images/roster/simu-liu/3.jpg,2.67
snoop-dogg,validation,m,5.4,black,4,2,2,0,0.5,2.8129999999999997,5.377017226945779,0.04101219330881995,0.058000000000000274,0.029000000000000137,0.058000000000000274,images/roster/snoop-dogg/1.jpg,2.842,images/roster/snoop-dogg/2.jpg,2.784
sofia-vergara,validation,f,8.8,latino,4,4,0,0,0.0,3.42725,6.363345285601314,0.43346616553851897,0.9620000000000002,0.34650000000000003,0.9620000000000002,images/roster/sofia-vergara/2.jpg,2.94,images/roster/sofia-vergara/3.jpg,3.902
spencer-pratt,train,m,5.5,white,4,4,0,0,0.0,3.25525,6.197057957719695,0.22891974576257063,0.5299999999999998,0.07899999999999996,0.5299999999999998,images/roster/spencer-pratt/3.jpg,2.927,images/roster/spencer-pratt/4.jpg,3.457
steve-buscemi,holdout,m,2.5,white,5,5,0,0,0.0,2.8356000000000003,5.47504380133272,0.12328138545619932,0.31599999999999984,0.1080000000000001,0.31599999999999984,images/roster/steve-buscemi/5.jpg,2.7,images/roster/steve-buscemi/6.jpg,3.016
susan-boyle,train,f,3.0,white,5,3,2,0,0.4,2.513666666666667,3.91752515503338,0.5643308722135741,1.088,0.28400000000000025,1.088,images/roster/susan-boyle/4.jpg,1.883,images/roster/susan-boyle/5.jpg,2.971
sydney-sweeney,holdout,f,9.0,white,5,5,0,0,0.0,3.5126,6.435658576138388,0.3430150142486477,0.798,0.13800000000000034,0.798,images/roster/sydney-sweeney/1.jpg,3.223,images/roster/sydney-sweeney/5.jpg,4.021
taylor-swift,validation,f,7.5,white,5,4,1,0,0.2,3.3645,6.29844622424225,0.9185051260971092,2.022,0.2769999999999999,2.022,images/roster/taylor-swift/3.jpg,2.031,images/roster/taylor-swift/7.jpg,4.053
tekashi-6ix9ine,validation,m,4.0,latino,4,4,0,0,0.0,2.57375,4.167935918339597,0.4279294139613838,1.0050000000000001,0.21550000000000002,1.0050000000000001,images/roster/tekashi-6ix9ine/1.jpg,2.994,images/roster/tekashi-6ix9ine/4.jpg,1.989
the-weeknd,train,m,6.0,black,5,5,0,0,0.0,3.4618,6.393472597354732,0.3956370811741488,0.911,0.30299999999999994,0.911,images/roster/the-weeknd/3.jpg,2.996,images/roster/the-weeknd/5.jpg,3.907
tifa-lockhart,train,f,9.5,other,5,3,2,0,0.4,3.3363333333333336,6.269593547661404,0.5456613724035572,1.0830000000000002,0.4249999999999998,1.0830000000000002,images/roster/tifa-lockhart/3.jpg,2.756,images/roster/tifa-lockhart/4.jpg,3.839
tila-tequila,train,f,5.0,east-asian,5,5,0,0,0.0,3.3573999999999997,6.290940722083834,0.15296829736909529,0.36499999999999977,0.06700000000000017,0.36499999999999977,images/roster/tila-tequila/5.jpg,3.488,images/roster/tila-tequila/6.jpg,3.123
timothee-chalamet,train,m,8.5,white,5,5,0,0,0.0,4.2546,8.318775143854472,0.1779404394734371,0.4659999999999993,0.1379999999999999,0.4659999999999993,images/roster/timothee-chalamet/4.jpg,4.523,images/roster/timothee-chalamet/5.jpg,4.057
tom-brady,validation,m,8.0,white,4,2,2,0,0.5,3.473,6.403128029417076,0.29839906166072316,0.42200000000000015,0.21100000000000008,0.42200000000000015,images/roster/tom-brady/2.jpg,3.262,images/roster/tom-brady/5.jpg,3.684
tom-cruise,validation,m,8.7,white,4,2,2,0,0.5,2.9115,5.6974226828747305,0.054447222151364126,0.07699999999999996,0.03849999999999998,0.07699999999999996,images/roster/tom-cruise/1.jpg,2.873,images/roster/tom-cruise/2.jpg,2.95
tonya-harding,holdout,f,4.0,white,4,3,1,0,0.25,2.8059999999999996,5.349311850663655,0.16336768346279487,0.3019999999999996,0.042999999999999705,0.3019999999999996,images/roster/tonya-harding/1.jpg,2.921,images/roster/tonya-harding/3.jpg,2.619
travis-kelce,validation,m,7.0,white,5,5,0,0,0.0,3.3226,6.257167159977266,0.29132850873198124,0.6920000000000002,0.03100000000000014,0.6920000000000002,images/roster/travis-kelce/2.jpg,3.149,images/roster/travis-kelce/3.jpg,3.841
trisha-paytas,train,f,5.0,white,5,5,0,0,0.0,3.1195999999999997,6.044491772581336,0.34038845456331207,0.7359999999999998,0.06499999999999995,0.7359999999999998,images/roster/trisha-paytas/4.jpg,2.842,images/roster/trisha-paytas/5.jpg,3.578
triss-merigold,train,f,8.5,white,5,4,1,0,0.2,3.408,6.344218286337963,0.3602508385370763,0.8289999999999997,0.2380000000000002,0.8289999999999997,images/roster/triss-merigold/2.jpg,2.954,images/roster/triss-merigold/3.jpg,3.783
tyson-fury,train,m,5.6,white,2,1,1,0,0.5,2.949,5.777142991957787,,,,,,,,
usain-bolt,train,m,7.7,black,4,2,2,0,0.5,2.7625,5.131203544135756,0.2863782463805516,0.4049999999999998,0.2024999999999999,0.4049999999999998,images/roster/usain-bolt/2.jpg,2.965,images/roster/usain-bolt/3.jpg,2.56
valkyrae,train,f,8.0,mixed,5,4,1,0,0.2,3.122,6.047857777757449,0.6274498651950874,1.404,0.40900000000000003,1.404,images/roster/valkyrae/2.jpg,2.334,images/roster/valkyrae/7.jpg,3.738
vera-lux,holdout,f,9.0,white,5,3,2,0,0.4,3.549,6.4717410068307935,0.11720494870098276,0.23399999999999999,0.10499999999999998,0.23399999999999999,images/roster/vera-lux/4.jpg,3.428,images/roster/vera-lux/5.jpg,3.662
victoria-justice,train,f,8.5,latino,5,4,1,0,0.2,3.1245000000000003,6.051367404336638,0.427557793364437,1.001,0.26449999999999996,1.001,images/roster/victoria-justice/2.jpg,3.572,images/roster/victoria-justice/4.jpg,2.571
whispersred,holdout,f,6.0,white,2,2,0,0,0.0,3.6505,6.5910799938443425,0.29062088706767103,0.41100000000000003,0.20550000000000002,0.41100000000000003,images/roster/whispersred/2.jpg,3.445,images/roster/whispersred/4.jpg,3.856
whoopi-goldberg,validation,f,3.5,black,5,5,0,0,0.0,2.167,2.628647777503736,0.552350432243879,1.0739999999999998,0.1080000000000001,1.0739999999999998,images/roster/whoopi-goldberg/5.jpg,1.548,images/roster/whoopi-goldberg/6.jpg,2.622
will-smith,train,m,8.3,black,4,1,3,0,0.75,2.624,4.383112415424668,,,,,,,,
xqc,train,m,5.4,white,2,1,1,0,0.5,3.728,6.68522968465369,,,,,,,,
zayn-malik,validation,m,8.5,mixed,5,5,0,0,0.0,4.1034,7.621321350462546,0.2559712874523234,0.6549999999999998,0.16699999999999982,0.6549999999999998,images/roster/zayn-malik/1.jpg,4.358,images/roster/zayn-malik/3.jpg,3.703
zendaya,train,f,9.0,mixed,5,3,2,0,0.4,3.2439999999999998,6.185623277568153,0.4142076773793553,0.8200000000000003,0.3080000000000003,0.8200000000000003,images/roster/zendaya/4.jpg,2.868,images/roster/zendaya/6.jpg,3.688
